[2026-07-14 09:24:37,975][execute.py 53][DEBUG]: Environment switched to: test (config: TEST_CONFIG)
[2026-07-14 09:24:37,975][execute.py 107][INFO]: ---环境自动初始化---执行的是test环境
[2026-07-14 09:24:37,975][execute.py 53][DEBUG]: Environment switched to: test (config: TEST_CONFIG)
[2026-07-14 09:24:37,975][execute.py 87][INFO]: ---测试开始---执行的是test环境
[2026-07-14 09:24:38,742][simple_request.py 253][INFO]: method:POST,url:https://ax-api.pertest.tech/web/user/login
[2026-07-14 09:24:38,742][simple_request.py 255][INFO]: Request data: {
  "loginMethod": "email",
  "password": "53bfef360f0c4e9d70cc1e6b262e24f1",
  "email": "rayn.zhou@alloyx.com",
  "laissezPasser": false,
  "language": "zh_CN"
}
[2026-07-14 09:24:40,474][simple_request.py 273][INFO]: Response status code: 201
[2026-07-14 09:24:40,474][simple_request.py 277][INFO]: Response status code: 201
[2026-07-14 09:24:40,477][read_and_save_tool.py 88][INFO]: 配置已保存到文件: /Users/alloyx/Desktop/alloxy_interface_test/common/config.ini
[2026-07-14 09:24:40,482][simple_request.py 253][INFO]: method:POST,url:https://ax-api.pertest.tech/web/user/login
[2026-07-14 09:24:40,483][simple_request.py 255][INFO]: Request data: {
  "loginMethod": "email",
  "password": "53bfef360f0c4e9d70cc1e6b262e24f1",
  "email": "670246852@qq.com",
  "laissezPasser": false,
  "language": "zh_CN"
}
[2026-07-14 09:24:42,240][simple_request.py 273][INFO]: Response status code: 201
[2026-07-14 09:24:42,240][simple_request.py 277][INFO]: Response status code: 201
[2026-07-14 09:24:42,240][read_and_save_tool.py 88][INFO]: 配置已保存到文件: /Users/alloyx/Desktop/alloxy_interface_test/common/config.ini
[2026-07-14 09:25:06,360][execute.py 53][DEBUG]: Environment switched to: test (config: TEST_CONFIG)
[2026-07-14 09:25:06,360][execute.py 107][INFO]: ---环境自动初始化---执行的是test环境
[2026-07-14 09:25:06,968][simple_request.py 253][INFO]: method:get,url:https://ax-api.pertest.tech/admin/virtual-card/get-all-cards?page=1&take=200
[2026-07-14 09:25:10,485][simple_request.py 273][INFO]: Response status code: 200
[2026-07-14 09:25:10,485][simple_request.py 277][INFO]: Response status code: 200
[2026-07-14 09:25:16,499][simple_request.py 253][INFO]: method:get,url:https://ax-api.pertest.tech/web/virtual-card/photon-card-detail/XR2074027826290483200
[2026-07-14 09:25:19,716][simple_request.py 273][INFO]: Response status code: 200
[2026-07-14 09:25:19,717][simple_request.py 277][INFO]: Response status code: 200
[2026-07-14 09:25:19,717][simple_request.py 253][INFO]: method:get,url:https://ax-api.pertest.tech/web/virtual-card/card-cvv/XR2074027826290483200
[2026-07-14 09:25:21,012][simple_request.py 273][INFO]: Response status code: 200
[2026-07-14 09:25:21,012][simple_request.py 277][INFO]: Response status code: 200
[2026-07-14 09:25:21,013][simple_request.py 253][INFO]: method:post,url:https://ax-api.pertest.tech/web/virtual-card/simulate-transaction
[2026-07-14 09:25:21,013][simple_request.py 255][INFO]: Request data: {
  "requestId": "20260714092519",
  "cardID": "XR2074027826290483200",
  "cvv": "586",
  "expirationDate": "06/29",
  "originTransactionId": "",
  "txnCurrency": "USD",
  "txnAmount": 5,
  "txnType": "auth",
  "mcc": "1234",
  "merchantName": "Ryan",
  "merchantCountry": "US",
  "merchantCity": "test",
  "merchantPostcode": "12345"
}
[2026-07-14 09:25:25,239][simple_request.py 273][INFO]: Response status code: 201
[2026-07-14 09:25:25,239][simple_request.py 277][INFO]: Response status code: 201
[2026-07-14 09:25:25,239][simple_request.py 253][INFO]: method:get,url:https://ax-api.pertest.tech/admin/virtual-card/card-fee?page=1&take=10&identifier_id=9498570428
[2026-07-14 09:25:26,321][simple_request.py 273][INFO]: Response status code: 200
[2026-07-14 09:25:26,321][simple_request.py 277][INFO]: Response status code: 200
[2026-07-14 09:25:26,341][simple_request.py 253][INFO]: method:get,url:https://ax-api.pertest.tech/admin/virtual-card/card-fee?page=1&take=10&identifier_id=9498570428
[2026-07-14 09:25:26,857][simple_request.py 273][INFO]: Response status code: 200
[2026-07-14 09:25:26,858][simple_request.py 277][INFO]: Response status code: 200
[2026-07-14 09:25:32,880][simple_request.py 253][INFO]: method:get,url:https://ax-api.pertest.tech/web/virtual-card/photon-card-detail/XR2074027826290483200
[2026-07-14 09:25:34,154][simple_request.py 273][INFO]: Response status code: 200
[2026-07-14 09:25:34,154][simple_request.py 277][INFO]: Response status code: 200
[2026-07-14 09:26:28,486][execute.py 53][DEBUG]: Environment switched to: test (config: TEST_CONFIG)
[2026-07-14 09:26:28,486][execute.py 107][INFO]: ---环境自动初始化---执行的是test环境
[2026-07-14 09:26:28,886][simple_request.py 253][INFO]: method:get,url:https://ax-api.pertest.tech/admin/virtual-card/get-all-cards?page=1&take=200
[2026-07-14 09:26:31,940][simple_request.py 273][INFO]: Response status code: 200
[2026-07-14 09:26:31,941][simple_request.py 277][INFO]: Response status code: 200
[2026-07-14 09:26:37,951][simple_request.py 253][INFO]: method:get,url:https://ax-api.pertest.tech/web/virtual-card/photon-card-detail/XR2074027826290483200
[2026-07-14 09:26:40,600][simple_request.py 273][INFO]: Response status code: 200
[2026-07-14 09:26:40,600][simple_request.py 277][INFO]: Response status code: 200
[2026-07-14 09:26:40,600][simple_request.py 253][INFO]: method:get,url:https://ax-api.pertest.tech/web/virtual-card/card-cvv/XR2074027826290483200
[2026-07-14 09:26:41,923][simple_request.py 273][INFO]: Response status code: 200
[2026-07-14 09:26:41,923][simple_request.py 277][INFO]: Response status code: 200
[2026-07-14 09:26:41,923][simple_request.py 253][INFO]: method:post,url:https://ax-api.pertest.tech/web/virtual-card/simulate-transaction
[2026-07-14 09:26:41,923][simple_request.py 255][INFO]: Request data: {
  "requestId": "20260714092640",
  "cardID": "XR2074027826290483200",
  "cvv": "586",
  "expirationDate": "06/29",
  "originTransactionId": null,
  "txnCurrency": "USD",
  "txnAmount": 5,
  "txnType": "corrective_auth",
  "mcc": "1234",
  "merchantName": "Ryan",
  "merchantCountry": "US",
  "merchantCity": "test",
  "merchantPostcode": "12345"
}
[2026-07-14 09:26:43,208][simple_request.py 273][INFO]: Response status code: 400
[2026-07-14 09:26:43,209][simple_request.py 277][INFO]: Response status code: 400
[2026-07-14 09:26:43,209][simple_request.py 279][ERROR]: Response content: {
  "code": -1,
  "message": "参数错误: invalid parameter[(txnType nonsupport)]",
  "originalUrl": "/web/virtual-card/simulate-transaction",
  "timestamp": 1783992403062
}
[2026-07-14 09:26:43,209][simple_request.py 305][ERROR]: Error occurred during request: 400 Client Error: Bad Request for url: https://ax-api.pertest.tech/web/virtual-card/simulate-transaction
[2026-07-14 09:32:57,637][execute.py 53][DEBUG]: Environment switched to: test (config: TEST_CONFIG)
[2026-07-14 09:32:57,637][execute.py 107][INFO]: ---环境自动初始化---执行的是test环境
[2026-07-14 09:32:58,036][simple_request.py 253][INFO]: method:get,url:https://ax-api.pertest.tech/admin/virtual-card/get-all-cards?page=1&take=200
[2026-07-14 09:33:02,140][simple_request.py 273][INFO]: Response status code: 200
[2026-07-14 09:33:02,140][simple_request.py 277][INFO]: Response status code: 200
[2026-07-14 09:33:08,151][simple_request.py 253][INFO]: method:get,url:https://ax-api.pertest.tech/web/virtual-card/photon-card-detail/XR2074027826290483200
[2026-07-14 09:33:10,765][simple_request.py 273][INFO]: Response status code: 200
[2026-07-14 09:33:10,766][simple_request.py 277][INFO]: Response status code: 200
[2026-07-14 09:33:10,766][simple_request.py 253][INFO]: method:get,url:https://ax-api.pertest.tech/web/virtual-card/card-cvv/XR2074027826290483200
[2026-07-14 09:33:12,192][simple_request.py 273][INFO]: Response status code: 200
[2026-07-14 09:33:12,193][simple_request.py 277][INFO]: Response status code: 200
[2026-07-14 09:33:12,193][simple_request.py 253][INFO]: method:post,url:https://ax-api.pertest.tech/web/virtual-card/simulate-transaction
[2026-07-14 09:33:12,193][simple_request.py 255][INFO]: Request data: {
  "requestId": "20260714093310",
  "cardID": "XR2074027826290483200",
  "cvv": "586",
  "expirationDate": "06/29",
  "originTransactionId": null,
  "txnCurrency": "USD",
  "txnAmount": 5,
  "txnType": "corrective_auth",
  "mcc": "1234",
  "merchantName": "Ryan",
  "merchantCountry": "US",
  "merchantCity": "test",
  "merchantPostcode": "12345"
}
[2026-07-14 09:33:14,204][simple_request.py 273][INFO]: Response status code: 400
[2026-07-14 09:33:14,204][simple_request.py 277][INFO]: Response status code: 400
[2026-07-14 09:33:14,204][simple_request.py 279][ERROR]: Response content: {
  "code": -1,
  "message": "参数错误: invalid parameter[(txnType nonsupport)]",
  "originalUrl": "/web/virtual-card/simulate-transaction",
  "timestamp": 1783992794052
}
[2026-07-14 09:33:14,204][simple_request.py 305][ERROR]: Error occurred during request: 400 Client Error: Bad Request for url: https://ax-api.pertest.tech/web/virtual-card/simulate-transaction
[2026-07-14 09:42:18,252][execute.py 53][DEBUG]: Environment switched to: test (config: TEST_CONFIG)
[2026-07-14 09:42:18,252][execute.py 107][INFO]: ---环境自动初始化---执行的是test环境
[2026-07-14 09:42:18,649][simple_request.py 253][INFO]: method:get,url:https://ax-api.pertest.tech/admin/virtual-card/get-all-cards?page=1&take=200
[2026-07-14 09:42:21,670][simple_request.py 273][INFO]: Response status code: 200
[2026-07-14 09:42:21,670][simple_request.py 277][INFO]: Response status code: 200
[2026-07-14 09:42:27,681][simple_request.py 253][INFO]: method:get,url:https://ax-api.pertest.tech/web/virtual-card/photon-card-detail/XR2074027826290483200
[2026-07-14 09:42:30,859][simple_request.py 273][INFO]: Response status code: 200
[2026-07-14 09:42:30,859][simple_request.py 277][INFO]: Response status code: 200
[2026-07-14 09:42:30,859][simple_request.py 253][INFO]: method:get,url:https://ax-api.pertest.tech/web/virtual-card/card-cvv/XR2074027826290483200
[2026-07-14 09:42:32,219][simple_request.py 273][INFO]: Response status code: 200
[2026-07-14 09:42:32,219][simple_request.py 277][INFO]: Response status code: 200
[2026-07-14 09:42:32,219][simple_request.py 253][INFO]: method:post,url:https://ax-api.pertest.tech/web/virtual-card/simulate-transaction
[2026-07-14 09:42:32,219][simple_request.py 255][INFO]: Request data: {
  "requestId": "20260714094230",
  "cardID": "XR2074027826290483200",
  "cvv": "586",
  "expirationDate": "06/29",
  "originTransactionId": null,
  "txnCurrency": "USD",
  "txnAmount": 5,
  "txnType": "corrective_refund",
  "mcc": "1234",
  "merchantName": "Ryan",
  "merchantCountry": "US",
  "merchantCity": "test",
  "merchantPostcode": "12345"
}
[2026-07-14 09:42:34,215][simple_request.py 273][INFO]: Response status code: 400
[2026-07-14 09:42:34,216][simple_request.py 277][INFO]: Response status code: 400
[2026-07-14 09:42:34,216][simple_request.py 279][ERROR]: Response content: {
  "code": -1,
  "message": "参数错误: invalid parameter[(txnType nonsupport)]",
  "originalUrl": "/web/virtual-card/simulate-transaction",
  "timestamp": 1783993353990
}
[2026-07-14 09:42:34,216][simple_request.py 305][ERROR]: Error occurred during request: 400 Client Error: Bad Request for url: https://ax-api.pertest.tech/web/virtual-card/simulate-transaction
[2026-07-14 09:43:49,307][execute.py 53][DEBUG]: Environment switched to: test (config: TEST_CONFIG)
[2026-07-14 09:43:49,309][execute.py 107][INFO]: ---环境自动初始化---执行的是test环境
[2026-07-14 09:43:49,699][simple_request.py 253][INFO]: method:get,url:https://ax-api.pertest.tech/admin/virtual-card/get-all-cards?page=1&take=200
[2026-07-14 09:43:52,023][simple_request.py 273][INFO]: Response status code: 200
[2026-07-14 09:43:52,023][simple_request.py 277][INFO]: Response status code: 200
[2026-07-14 09:43:58,030][simple_request.py 253][INFO]: method:get,url:https://ax-api.pertest.tech/web/virtual-card/photon-card-detail/XR2074027826290483200
[2026-07-14 09:44:00,228][simple_request.py 273][INFO]: Response status code: 200
[2026-07-14 09:44:00,228][simple_request.py 277][INFO]: Response status code: 200
[2026-07-14 09:44:00,228][simple_request.py 253][INFO]: method:get,url:https://ax-api.pertest.tech/web/virtual-card/card-cvv/XR2074027826290483200
[2026-07-14 09:44:01,630][simple_request.py 273][INFO]: Response status code: 200
[2026-07-14 09:44:01,630][simple_request.py 277][INFO]: Response status code: 200
[2026-07-14 09:44:01,631][simple_request.py 253][INFO]: method:post,url:https://ax-api.pertest.tech/web/virtual-card/simulate-transaction
[2026-07-14 09:44:01,631][simple_request.py 255][INFO]: Request data: {
  "requestId": "20260714094400",
  "cardID": "XR2074027826290483200",
  "cvv": "586",
  "expirationDate": "06/29",
  "originTransactionId": "IT2076840444050923520",
  "txnCurrency": "USD",
  "txnAmount": 5,
  "txnType": "corrective_refund",
  "mcc": "1234",
  "merchantName": "Ryan",
  "merchantCountry": "US",
  "merchantCity": "test",
  "merchantPostcode": "12345"
}
[2026-07-14 09:44:02,924][simple_request.py 273][INFO]: Response status code: 400
[2026-07-14 09:44:02,924][simple_request.py 277][INFO]: Response status code: 400
[2026-07-14 09:44:02,924][simple_request.py 279][ERROR]: Response content: {
  "code": -1,
  "message": "参数错误: invalid parameter[(txnType nonsupport)]",
  "originalUrl": "/web/virtual-card/simulate-transaction",
  "timestamp": 1783993442847
}
[2026-07-14 09:44:02,925][simple_request.py 305][ERROR]: Error occurred during request: 400 Client Error: Bad Request for url: https://ax-api.pertest.tech/web/virtual-card/simulate-transaction
[2026-07-14 09:44:37,271][execute.py 53][DEBUG]: Environment switched to: test (config: TEST_CONFIG)
[2026-07-14 09:44:37,271][execute.py 107][INFO]: ---环境自动初始化---执行的是test环境
[2026-07-14 09:44:37,629][simple_request.py 253][INFO]: method:get,url:https://ax-api.pertest.tech/admin/virtual-card/get-all-cards?page=1&take=200
[2026-07-14 09:44:41,298][simple_request.py 273][INFO]: Response status code: 200
[2026-07-14 09:44:41,298][simple_request.py 277][INFO]: Response status code: 200
[2026-07-14 09:44:47,306][simple_request.py 253][INFO]: method:get,url:https://ax-api.pertest.tech/web/virtual-card/photon-card-detail/XR2074027826290483200
[2026-07-14 09:44:49,161][simple_request.py 273][INFO]: Response status code: 200
[2026-07-14 09:44:49,161][simple_request.py 277][INFO]: Response status code: 200
[2026-07-14 09:44:49,162][simple_request.py 253][INFO]: method:get,url:https://ax-api.pertest.tech/web/virtual-card/card-cvv/XR2074027826290483200
[2026-07-14 09:44:50,526][simple_request.py 273][INFO]: Response status code: 200
[2026-07-14 09:44:50,526][simple_request.py 277][INFO]: Response status code: 200
[2026-07-14 09:44:50,526][simple_request.py 253][INFO]: method:post,url:https://ax-api.pertest.tech/web/virtual-card/simulate-transaction
[2026-07-14 09:44:50,526][simple_request.py 255][INFO]: Request data: {
  "requestId": "20260714094449",
  "cardID": "XR2074027826290483200",
  "cvv": "586",
  "expirationDate": "06/29",
  "originTransactionId": "IT2076840444050923520",
  "txnCurrency": "USD",
  "txnAmount": 5,
  "txnType": "corrective_auth",
  "mcc": "1234",
  "merchantName": "Ryan",
  "merchantCountry": "US",
  "merchantCity": "test",
  "merchantPostcode": "12345"
}
[2026-07-14 09:44:51,961][simple_request.py 273][INFO]: Response status code: 400
[2026-07-14 09:44:51,961][simple_request.py 277][INFO]: Response status code: 400
[2026-07-14 09:44:51,961][simple_request.py 279][ERROR]: Response content: {
  "code": -1,
  "message": "参数错误: invalid parameter[(txnType nonsupport)]",
  "originalUrl": "/web/virtual-card/simulate-transaction",
  "timestamp": 1783993491818
}
[2026-07-14 09:44:51,961][simple_request.py 305][ERROR]: Error occurred during request: 400 Client Error: Bad Request for url: https://ax-api.pertest.tech/web/virtual-card/simulate-transaction
[2026-07-14 09:46:09,001][execute.py 53][DEBUG]: Environment switched to: test (config: TEST_CONFIG)
[2026-07-14 09:46:09,001][execute.py 107][INFO]: ---环境自动初始化---执行的是test环境
[2026-07-14 09:46:09,408][simple_request.py 253][INFO]: method:get,url:https://ax-api.pertest.tech/admin/virtual-card/get-all-cards?page=1&take=200
[2026-07-14 09:46:12,819][simple_request.py 273][INFO]: Response status code: 200
[2026-07-14 09:46:12,819][simple_request.py 277][INFO]: Response status code: 200
[2026-07-14 09:46:18,831][simple_request.py 253][INFO]: method:get,url:https://ax-api.pertest.tech/web/virtual-card/photon-card-detail/XR2074027826290483200
[2026-07-14 09:46:21,791][simple_request.py 273][INFO]: Response status code: 200
[2026-07-14 09:46:21,792][simple_request.py 277][INFO]: Response status code: 200
[2026-07-14 09:46:21,792][simple_request.py 253][INFO]: method:get,url:https://ax-api.pertest.tech/web/virtual-card/card-cvv/XR2074027826290483200
[2026-07-14 09:46:23,125][simple_request.py 273][INFO]: Response status code: 200
[2026-07-14 09:46:23,125][simple_request.py 277][INFO]: Response status code: 200
[2026-07-14 09:46:23,126][simple_request.py 253][INFO]: method:post,url:https://ax-api.pertest.tech/web/virtual-card/simulate-transaction
[2026-07-14 09:46:23,126][simple_request.py 255][INFO]: Request data: {
  "requestId": "20260714094621",
  "cardID": "XR2074027826290483200",
  "cvv": "586",
  "expirationDate": "06/29",
  "originTransactionId": null,
  "txnCurrency": "USD",
  "txnAmount": 5,
  "txnType": "corrective_auth",
  "mcc": "1234",
  "merchantName": "Ryan",
  "merchantCountry": "US",
  "merchantCity": "test",
  "merchantPostcode": "12345"
}
[2026-07-14 09:46:24,650][simple_request.py 273][INFO]: Response status code: 400
[2026-07-14 09:46:24,651][simple_request.py 277][INFO]: Response status code: 400
[2026-07-14 09:46:24,651][simple_request.py 279][ERROR]: Response content: {
  "code": -1,
  "message": "参数错误: invalid parameter[(txnType nonsupport)]",
  "originalUrl": "/web/virtual-card/simulate-transaction",
  "timestamp": 1783993584483
}
[2026-07-14 09:46:24,651][simple_request.py 305][ERROR]: Error occurred during request: 400 Client Error: Bad Request for url: https://ax-api.pertest.tech/web/virtual-card/simulate-transaction
[2026-07-14 09:50:51,859][execute.py 53][DEBUG]: Environment switched to: test (config: TEST_CONFIG)
[2026-07-14 09:50:51,859][execute.py 107][INFO]: ---环境自动初始化---执行的是test环境
[2026-07-14 09:50:52,282][simple_request.py 253][INFO]: method:get,url:https://ax-api.pertest.tech/admin/virtual-card/get-all-cards?page=1&take=200
[2026-07-14 09:50:54,636][simple_request.py 273][INFO]: Response status code: 200
[2026-07-14 09:50:54,636][simple_request.py 277][INFO]: Response status code: 200
[2026-07-14 09:51:00,647][simple_request.py 253][INFO]: method:get,url:https://ax-api.pertest.tech/web/virtual-card/photon-card-detail/XR2074027826290483200
[2026-07-14 09:51:04,028][simple_request.py 273][INFO]: Response status code: 200
[2026-07-14 09:51:04,028][simple_request.py 277][INFO]: Response status code: 200
[2026-07-14 09:52:00,510][execute.py 53][DEBUG]: Environment switched to: test (config: TEST_CONFIG)
[2026-07-14 09:52:00,510][execute.py 107][INFO]: ---环境自动初始化---执行的是test环境
[2026-07-14 09:52:00,888][simple_request.py 253][INFO]: method:get,url:https://ax-api.pertest.tech/admin/virtual-card/get-all-cards?page=1&take=200
[2026-07-14 09:52:03,290][simple_request.py 273][INFO]: Response status code: 200
[2026-07-14 09:52:03,290][simple_request.py 277][INFO]: Response status code: 200
[2026-07-14 09:52:09,303][simple_request.py 253][INFO]: method:get,url:https://ax-api.pertest.tech/web/virtual-card/photon-card-detail/XR2074027826290483200
[2026-07-14 09:52:12,461][simple_request.py 273][INFO]: Response status code: 200
[2026-07-14 09:52:12,461][simple_request.py 277][INFO]: Response status code: 200
[2026-07-14 09:53:42,081][execute.py 53][DEBUG]: Environment switched to: test (config: TEST_CONFIG)
[2026-07-14 09:53:42,081][execute.py 107][INFO]: ---环境自动初始化---执行的是test环境
[2026-07-14 09:53:42,470][simple_request.py 253][INFO]: method:get,url:https://ax-api.pertest.tech/admin/virtual-card/get-all-cards?page=1&take=200
[2026-07-14 09:53:44,985][simple_request.py 273][INFO]: Response status code: 200
[2026-07-14 09:53:44,985][simple_request.py 277][INFO]: Response status code: 200
[2026-07-14 09:53:50,997][simple_request.py 253][INFO]: method:get,url:https://ax-api.pertest.tech/web/virtual-card/photon-card-detail/XR2074027826290483200
[2026-07-14 09:53:53,699][simple_request.py 273][INFO]: Response status code: 200
[2026-07-14 09:53:53,699][simple_request.py 277][INFO]: Response status code: 200
[2026-07-14 09:53:53,699][simple_request.py 253][INFO]: method:get,url:https://ax-api.pertest.tech/web/virtual-card/card-cvv/XR2074027826290483200
[2026-07-14 09:53:54,956][simple_request.py 273][INFO]: Response status code: 200
[2026-07-14 09:53:54,956][simple_request.py 277][INFO]: Response status code: 200
[2026-07-14 09:53:54,956][simple_request.py 253][INFO]: method:post,url:https://ax-api.pertest.tech/web/virtual-card/simulate-transaction
[2026-07-14 09:53:54,957][simple_request.py 255][INFO]: Request data: {
  "requestId": "20260714095353",
  "cardID": "XR2074027826290483200",
  "cvv": "586",
  "expirationDate": "06/29",
  "originTransactionId": null,
  "txnCurrency": "USD",
  "txnAmount": 5,
  "txnType": "verification",
  "mcc": "1234",
  "merchantName": "Ryan",
  "merchantCountry": "US",
  "merchantCity": "test",
  "merchantPostcode": "12345"
}
[2026-07-14 09:53:56,531][simple_request.py 273][INFO]: Response status code: 400
[2026-07-14 09:53:56,532][simple_request.py 277][INFO]: Response status code: 400
[2026-07-14 09:53:56,532][simple_request.py 279][ERROR]: Response content: {
  "code": -1,
  "message": "参数错误: invalid parameter[(txnType nonsupport)]",
  "originalUrl": "/web/virtual-card/simulate-transaction",
  "timestamp": 1783994036425
}
[2026-07-14 09:53:56,532][simple_request.py 305][ERROR]: Error occurred during request: 400 Client Error: Bad Request for url: https://ax-api.pertest.tech/web/virtual-card/simulate-transaction
[2026-07-14 09:54:44,725][execute.py 53][DEBUG]: Environment switched to: test (config: TEST_CONFIG)
[2026-07-14 09:54:44,725][execute.py 107][INFO]: ---环境自动初始化---执行的是test环境
[2026-07-14 09:54:45,116][simple_request.py 253][INFO]: method:get,url:https://ax-api.pertest.tech/admin/virtual-card/get-all-cards?page=1&take=200
[2026-07-14 09:54:47,384][simple_request.py 273][INFO]: Response status code: 200
[2026-07-14 09:54:47,384][simple_request.py 277][INFO]: Response status code: 200
[2026-07-14 09:54:53,397][simple_request.py 253][INFO]: method:get,url:https://ax-api.pertest.tech/web/virtual-card/photon-card-detail/XR2074027826290483200
[2026-07-14 09:54:55,379][simple_request.py 273][INFO]: Response status code: 200
[2026-07-14 09:54:55,379][simple_request.py 277][INFO]: Response status code: 200
[2026-07-14 09:54:55,379][simple_request.py 253][INFO]: method:get,url:https://ax-api.pertest.tech/web/virtual-card/card-cvv/XR2074027826290483200
[2026-07-14 09:54:56,939][simple_request.py 273][INFO]: Response status code: 200
[2026-07-14 09:54:56,939][simple_request.py 277][INFO]: Response status code: 200
[2026-07-14 09:54:56,939][simple_request.py 253][INFO]: method:post,url:https://ax-api.pertest.tech/web/virtual-card/simulate-transaction
[2026-07-14 09:54:56,939][simple_request.py 255][INFO]: Request data: {
  "requestId": "20260714095455",
  "cardID": "XR2074027826290483200",
  "cvv": "586",
  "expirationDate": "06/29",
  "originTransactionId": "IT2076840444050923520",
  "txnCurrency": "USD",
  "txnAmount": 5,
  "txnType": "verification",
  "mcc": "1234",
  "merchantName": "Ryan",
  "merchantCountry": "US",
  "merchantCity": "test",
  "merchantPostcode": "12345"
}
[2026-07-14 09:54:58,207][simple_request.py 273][INFO]: Response status code: 400
[2026-07-14 09:54:58,207][simple_request.py 277][INFO]: Response status code: 400
[2026-07-14 09:54:58,207][simple_request.py 279][ERROR]: Response content: {
  "code": -1,
  "message": "参数错误: invalid parameter[(txnType nonsupport)]",
  "originalUrl": "/web/virtual-card/simulate-transaction",
  "timestamp": 1783994098120
}
[2026-07-14 09:54:58,207][simple_request.py 305][ERROR]: Error occurred during request: 400 Client Error: Bad Request for url: https://ax-api.pertest.tech/web/virtual-card/simulate-transaction
[2026-07-14 10:14:56,768][execute.py 53][DEBUG]: Environment switched to: test (config: TEST_CONFIG)
[2026-07-14 10:14:56,768][execute.py 107][INFO]: ---环境自动初始化---执行的是test环境
[2026-07-14 10:14:57,184][simple_request.py 253][INFO]: method:get,url:https://ax-api.pertest.tech/admin/virtual-card/get-all-cards?page=1&take=200
[2026-07-14 10:14:59,508][simple_request.py 273][INFO]: Response status code: 200
[2026-07-14 10:14:59,508][simple_request.py 277][INFO]: Response status code: 200
[2026-07-14 10:15:05,517][simple_request.py 253][INFO]: method:get,url:https://ax-api.pertest.tech/web/virtual-card/photon-card-detail/XR2074027826290483200
[2026-07-14 10:15:08,781][simple_request.py 273][INFO]: Response status code: 200
[2026-07-14 10:15:08,782][simple_request.py 277][INFO]: Response status code: 200
[2026-07-14 10:15:08,782][simple_request.py 253][INFO]: method:get,url:https://ax-api.pertest.tech/web/virtual-card/card-cvv/XR2074027826290483200
[2026-07-14 10:15:09,969][simple_request.py 273][INFO]: Response status code: 200
[2026-07-14 10:15:09,969][simple_request.py 277][INFO]: Response status code: 200
[2026-07-14 10:15:09,969][simple_request.py 253][INFO]: method:post,url:https://ax-api.pertest.tech/web/virtual-card/simulate-transaction
[2026-07-14 10:15:09,969][simple_request.py 255][INFO]: Request data: {
  "requestId": "20260714101508",
  "cardID": "XR2074027826290483200",
  "cvv": "586",
  "expirationDate": "06/29",
  "originTransactionId": "IT2076591643352489984",
  "txnCurrency": "USD",
  "txnAmount": 5,
  "txnType": "reverse_correct_refund",
  "mcc": "1234",
  "merchantName": "Ryan",
  "merchantCountry": "US",
  "merchantCity": "test",
  "merchantPostcode": "12345"
}
[2026-07-14 10:15:11,080][simple_request.py 273][INFO]: Response status code: 400
[2026-07-14 10:15:11,080][simple_request.py 277][INFO]: Response status code: 400
[2026-07-14 10:15:11,080][simple_request.py 279][ERROR]: Response content: {
  "code": -1,
  "message": "参数错误: invalid parameter[(txnType nonsupport)]",
  "originalUrl": "/web/virtual-card/simulate-transaction",
  "timestamp": 1783995311064
}
[2026-07-14 10:15:11,080][simple_request.py 305][ERROR]: Error occurred during request: 400 Client Error: Bad Request for url: https://ax-api.pertest.tech/web/virtual-card/simulate-transaction
[2026-07-14 10:15:30,998][execute.py 53][DEBUG]: Environment switched to: test (config: TEST_CONFIG)
[2026-07-14 10:15:30,999][execute.py 107][INFO]: ---环境自动初始化---执行的是test环境
[2026-07-14 10:15:31,396][simple_request.py 253][INFO]: method:get,url:https://ax-api.pertest.tech/admin/virtual-card/get-all-cards?page=1&take=200
[2026-07-14 10:15:33,714][simple_request.py 273][INFO]: Response status code: 200
[2026-07-14 10:15:33,714][simple_request.py 277][INFO]: Response status code: 200
[2026-07-14 10:15:39,724][simple_request.py 253][INFO]: method:get,url:https://ax-api.pertest.tech/web/virtual-card/photon-card-detail/XR2074027826290483200
[2026-07-14 10:15:41,952][simple_request.py 273][INFO]: Response status code: 200
[2026-07-14 10:15:41,952][simple_request.py 277][INFO]: Response status code: 200
[2026-07-14 10:15:41,952][simple_request.py 253][INFO]: method:get,url:https://ax-api.pertest.tech/web/virtual-card/card-cvv/XR2074027826290483200
[2026-07-14 10:15:43,084][simple_request.py 273][INFO]: Response status code: 200
[2026-07-14 10:15:43,085][simple_request.py 277][INFO]: Response status code: 200
[2026-07-14 10:15:43,085][simple_request.py 253][INFO]: method:post,url:https://ax-api.pertest.tech/web/virtual-card/simulate-transaction
[2026-07-14 10:15:43,085][simple_request.py 255][INFO]: Request data: {
  "requestId": "20260714101541",
  "cardID": "XR2074027826290483200",
  "cvv": "586",
  "expirationDate": "06/29",
  "originTransactionId": null,
  "txnCurrency": "USD",
  "txnAmount": 5,
  "txnType": "reverse_correct_refund",
  "mcc": "1234",
  "merchantName": "Ryan",
  "merchantCountry": "US",
  "merchantCity": "test",
  "merchantPostcode": "12345"
}
[2026-07-14 10:15:44,355][simple_request.py 273][INFO]: Response status code: 400
[2026-07-14 10:15:44,355][simple_request.py 277][INFO]: Response status code: 400
[2026-07-14 10:15:44,355][simple_request.py 279][ERROR]: Response content: {
  "code": -1,
  "message": "参数错误: invalid parameter[(txnType nonsupport)]",
  "originalUrl": "/web/virtual-card/simulate-transaction",
  "timestamp": 1783995344308
}
[2026-07-14 10:15:44,355][simple_request.py 305][ERROR]: Error occurred during request: 400 Client Error: Bad Request for url: https://ax-api.pertest.tech/web/virtual-card/simulate-transaction
[2026-07-14 10:44:28,973][execute.py 53][DEBUG]: Environment switched to: test (config: TEST_CONFIG)
[2026-07-14 10:44:28,973][execute.py 107][INFO]: ---环境自动初始化---执行的是test环境
[2026-07-14 10:44:29,405][simple_request.py 253][INFO]: method:get,url:https://ax-api.pertest.tech/admin/virtual-card/get-all-cards?page=1&take=200
[2026-07-14 10:44:31,947][simple_request.py 273][INFO]: Response status code: 200
[2026-07-14 10:44:31,947][simple_request.py 277][INFO]: Response status code: 200
[2026-07-14 10:44:37,960][simple_request.py 253][INFO]: method:get,url:https://ax-api.pertest.tech/web/virtual-card/photon-card-detail/XR2076853311483535360
[2026-07-14 10:44:41,602][simple_request.py 273][INFO]: Response status code: 200
[2026-07-14 10:44:41,603][simple_request.py 277][INFO]: Response status code: 200
[2026-07-14 10:44:41,603][simple_request.py 253][INFO]: method:get,url:https://ax-api.pertest.tech/web/virtual-card/card-cvv/XR2076853311483535360
[2026-07-14 10:44:43,463][simple_request.py 273][INFO]: Response status code: 200
[2026-07-14 10:44:43,463][simple_request.py 277][INFO]: Response status code: 200
[2026-07-14 10:44:43,463][simple_request.py 253][INFO]: method:post,url:https://ax-api.pertest.tech/web/virtual-card/simulate-transaction
[2026-07-14 10:44:43,463][simple_request.py 255][INFO]: Request data: {
  "requestId": "20260714104441",
  "cardID": "XR2076853311483535360",
  "cvv": "954",
  "expirationDate": "04/29",
  "originTransactionId": "",
  "txnCurrency": "USD",
  "txnAmount": 5,
  "txnType": "auth",
  "mcc": "1234",
  "merchantName": "Ryan",
  "merchantCountry": "US",
  "merchantCity": "test",
  "merchantPostcode": "12345",
  "productCode": "photon-us"
}
[2026-07-14 10:44:45,566][simple_request.py 273][INFO]: Response status code: 201
[2026-07-14 10:44:45,566][simple_request.py 277][INFO]: Response status code: 201
[2026-07-14 10:44:45,566][simple_request.py 253][INFO]: method:get,url:https://ax-api.pertest.tech/admin/virtual-card/card-fee?page=1&take=10&identifier_id=9498570428
[2026-07-14 10:44:45,942][simple_request.py 273][INFO]: Response status code: 200
[2026-07-14 10:44:45,942][simple_request.py 277][INFO]: Response status code: 200
[2026-07-14 10:44:45,962][simple_request.py 253][INFO]: method:get,url:https://ax-api.pertest.tech/admin/virtual-card/card-fee?page=1&take=10&identifier_id=9498570428
[2026-07-14 10:44:46,318][simple_request.py 273][INFO]: Response status code: 200
[2026-07-14 10:44:46,318][simple_request.py 277][INFO]: Response status code: 200
[2026-07-14 10:44:52,341][simple_request.py 253][INFO]: method:get,url:https://ax-api.pertest.tech/web/virtual-card/photon-card-detail/XR2076853311483535360
[2026-07-14 10:44:53,514][simple_request.py 273][INFO]: Response status code: 200
[2026-07-14 10:44:53,514][simple_request.py 277][INFO]: Response status code: 200
[2026-07-14 10:46:32,835][execute.py 53][DEBUG]: Environment switched to: test (config: TEST_CONFIG)
[2026-07-14 10:46:32,835][execute.py 107][INFO]: ---环境自动初始化---执行的是test环境
[2026-07-14 10:46:33,250][simple_request.py 253][INFO]: method:get,url:https://ax-api.pertest.tech/admin/virtual-card/get-all-cards?page=1&take=200
[2026-07-14 10:46:35,909][simple_request.py 273][INFO]: Response status code: 200
[2026-07-14 10:46:35,909][simple_request.py 277][INFO]: Response status code: 200
[2026-07-14 10:46:41,921][simple_request.py 253][INFO]: method:get,url:https://ax-api.pertest.tech/web/virtual-card/photon-card-detail/XR2076853311483535360
[2026-07-14 10:46:45,708][simple_request.py 273][INFO]: Response status code: 200
[2026-07-14 10:46:45,708][simple_request.py 277][INFO]: Response status code: 200
[2026-07-14 10:46:45,708][simple_request.py 253][INFO]: method:get,url:https://ax-api.pertest.tech/web/virtual-card/card-cvv/XR2076853311483535360
[2026-07-14 10:46:47,889][simple_request.py 273][INFO]: Response status code: 200
[2026-07-14 10:46:47,890][simple_request.py 277][INFO]: Response status code: 200
[2026-07-14 10:46:47,890][simple_request.py 253][INFO]: method:post,url:https://ax-api.pertest.tech/web/virtual-card/simulate-transaction
[2026-07-14 10:46:47,890][simple_request.py 255][INFO]: Request data: {
  "requestId": "20260714104645",
  "cardID": "XR2076853311483535360",
  "cvv": "954",
  "expirationDate": "04/29",
  "originTransactionId": "IT2076860418731663360",
  "txnCurrency": "USD",
  "txnAmount": 5,
  "txnType": "refund",
  "mcc": "1234",
  "merchantName": "Ryan",
  "merchantCountry": "US",
  "merchantCity": "test",
  "merchantPostcode": "12345",
  "productCode": "photon-us"
}
[2026-07-14 10:46:49,950][simple_request.py 273][INFO]: Response status code: 201
[2026-07-14 10:46:49,950][simple_request.py 277][INFO]: Response status code: 201
[2026-07-14 10:46:49,951][simple_request.py 253][INFO]: method:get,url:https://ax-api.pertest.tech/admin/virtual-card/card-fee?page=1&take=10&identifier_id=9498570428
[2026-07-14 10:46:50,308][simple_request.py 273][INFO]: Response status code: 200
[2026-07-14 10:46:50,308][simple_request.py 277][INFO]: Response status code: 200
[2026-07-14 10:46:50,330][simple_request.py 253][INFO]: method:get,url:https://ax-api.pertest.tech/admin/virtual-card/card-fee?page=1&take=10&identifier_id=9498570428
[2026-07-14 10:46:50,674][simple_request.py 273][INFO]: Response status code: 200
[2026-07-14 10:46:50,674][simple_request.py 277][INFO]: Response status code: 200
[2026-07-14 10:46:56,682][simple_request.py 253][INFO]: method:get,url:https://ax-api.pertest.tech/web/virtual-card/photon-card-detail/XR2076853311483535360
[2026-07-14 10:46:57,847][simple_request.py 273][INFO]: Response status code: 200
[2026-07-14 10:46:57,847][simple_request.py 277][INFO]: Response status code: 200
[2026-07-14 10:53:41,169][execute.py 53][DEBUG]: Environment switched to: test (config: TEST_CONFIG)
[2026-07-14 10:53:41,169][execute.py 107][INFO]: ---环境自动初始化---执行的是test环境
[2026-07-14 10:53:41,555][simple_request.py 253][INFO]: method:get,url:https://ax-api.pertest.tech/admin/virtual-card/get-all-cards?page=1&take=200
[2026-07-14 10:53:44,369][simple_request.py 273][INFO]: Response status code: 200
[2026-07-14 10:53:44,369][simple_request.py 277][INFO]: Response status code: 200
[2026-07-14 10:53:44,376][simple_request.py 253][INFO]: method:get,url:https://ax-api.pertest.tech/web/virtual-card/simulate-transaction//web/virtual-card/transaction-list?page=1&take=20&virtual_card_id=XR2076853311483535360&transaction_type=card_consume&transaction_sub_type=card
[2026-07-14 10:53:45,465][simple_request.py 273][INFO]: Response status code: 404
[2026-07-14 10:53:45,465][simple_request.py 277][INFO]: Response status code: 404
[2026-07-14 10:53:45,465][simple_request.py 279][ERROR]: Response content: 404 Not Found
[2026-07-14 10:53:45,465][simple_request.py 305][ERROR]: Error occurred during request: 404 Client Error: Not Found for url: https://ax-api.pertest.tech/web/virtual-card/simulate-transaction//web/virtual-card/transaction-list?page=1&take=20&virtual_card_id=XR2076853311483535360&transaction_type=card_consume&transaction_sub_type=card
[2026-07-14 10:54:09,076][execute.py 53][DEBUG]: Environment switched to: test (config: TEST_CONFIG)
[2026-07-14 10:54:09,076][execute.py 107][INFO]: ---环境自动初始化---执行的是test环境
[2026-07-14 10:54:09,076][execute.py 53][DEBUG]: Environment switched to: test (config: TEST_CONFIG)
[2026-07-14 10:54:09,076][execute.py 87][INFO]: ---测试开始---执行的是test环境
[2026-07-14 10:54:09,553][simple_request.py 253][INFO]: method:POST,url:https://ax-api.pertest.tech/web/user/login
[2026-07-14 10:54:09,553][simple_request.py 255][INFO]: Request data: {
  "loginMethod": "email",
  "password": "53bfef360f0c4e9d70cc1e6b262e24f1",
  "email": "rayn.zhou@alloyx.com",
  "laissezPasser": false,
  "language": "zh_CN"
}
[2026-07-14 10:54:11,580][simple_request.py 273][INFO]: Response status code: 201
[2026-07-14 10:54:11,580][simple_request.py 277][INFO]: Response status code: 201
[2026-07-14 10:54:11,582][read_and_save_tool.py 88][INFO]: 配置已保存到文件: /Users/alloyx/Desktop/alloxy_interface_test/common/config.ini
[2026-07-14 10:54:11,588][simple_request.py 253][INFO]: method:POST,url:https://ax-api.pertest.tech/web/user/login
[2026-07-14 10:54:11,588][simple_request.py 255][INFO]: Request data: {
  "loginMethod": "email",
  "password": "53bfef360f0c4e9d70cc1e6b262e24f1",
  "email": "670246852@qq.com",
  "laissezPasser": false,
  "language": "zh_CN"
}
[2026-07-14 10:54:14,804][simple_request.py 273][INFO]: Response status code: 201
[2026-07-14 10:54:14,804][simple_request.py 277][INFO]: Response status code: 201
[2026-07-14 10:54:14,805][read_and_save_tool.py 88][INFO]: 配置已保存到文件: /Users/alloyx/Desktop/alloxy_interface_test/common/config.ini
[2026-07-14 10:54:19,017][execute.py 53][DEBUG]: Environment switched to: test (config: TEST_CONFIG)
[2026-07-14 10:54:19,017][execute.py 107][INFO]: ---环境自动初始化---执行的是test环境
[2026-07-14 10:54:19,309][simple_request.py 253][INFO]: method:get,url:https://ax-api.pertest.tech/admin/virtual-card/get-all-cards?page=1&take=200
[2026-07-14 10:54:22,991][simple_request.py 273][INFO]: Response status code: 200
[2026-07-14 10:54:22,992][simple_request.py 277][INFO]: Response status code: 200
[2026-07-14 10:54:22,999][simple_request.py 253][INFO]: method:get,url:https://ax-api.pertest.tech/web/virtual-card/simulate-transaction//web/virtual-card/transaction-list?page=1&take=20&virtual_card_id=XR2076853311483535360&transaction_type=card_consume&transaction_sub_type=card
[2026-07-14 10:54:24,703][simple_request.py 273][INFO]: Response status code: 404
[2026-07-14 10:54:24,704][simple_request.py 277][INFO]: Response status code: 404
[2026-07-14 10:54:24,704][simple_request.py 279][ERROR]: Response content: 404 Not Found
[2026-07-14 10:54:24,705][simple_request.py 305][ERROR]: Error occurred during request: 404 Client Error: Not Found for url: https://ax-api.pertest.tech/web/virtual-card/simulate-transaction//web/virtual-card/transaction-list?page=1&take=20&virtual_card_id=XR2076853311483535360&transaction_type=card_consume&transaction_sub_type=card
[2026-07-14 10:55:27,033][execute.py 53][DEBUG]: Environment switched to: test (config: TEST_CONFIG)
[2026-07-14 10:55:27,034][execute.py 107][INFO]: ---环境自动初始化---执行的是test环境
[2026-07-14 10:55:27,422][simple_request.py 253][INFO]: method:get,url:https://ax-api.pertest.tech/admin/virtual-card/get-all-cards?page=1&take=200
[2026-07-14 10:55:30,742][simple_request.py 273][INFO]: Response status code: 200
[2026-07-14 10:55:30,742][simple_request.py 277][INFO]: Response status code: 200
[2026-07-14 10:55:30,749][simple_request.py 253][INFO]: method:get,url:https://ax-api.pertest.tech/web/virtual-card/simulate-transaction//web/virtual-card/transaction-list?page=1&take=20&virtual_card_id=XR2076853311483535360&transaction_type=card_consume&transaction_sub_type=card
[2026-07-14 10:55:31,842][simple_request.py 273][INFO]: Response status code: 404
[2026-07-14 10:55:31,842][simple_request.py 277][INFO]: Response status code: 404
[2026-07-14 10:55:31,842][simple_request.py 279][ERROR]: Response content: 404 Not Found
[2026-07-14 10:55:31,842][simple_request.py 305][ERROR]: Error occurred during request: 404 Client Error: Not Found for url: https://ax-api.pertest.tech/web/virtual-card/simulate-transaction//web/virtual-card/transaction-list?page=1&take=20&virtual_card_id=XR2076853311483535360&transaction_type=card_consume&transaction_sub_type=card
[2026-07-14 10:57:42,621][execute.py 53][DEBUG]: Environment switched to: test (config: TEST_CONFIG)
[2026-07-14 10:57:42,621][execute.py 107][INFO]: ---环境自动初始化---执行的是test环境
[2026-07-14 10:57:42,990][simple_request.py 253][INFO]: method:get,url:https://ax-api.pertest.tech/admin/virtual-card/get-all-cards?page=1&take=200
[2026-07-14 10:57:46,290][simple_request.py 273][INFO]: Response status code: 200
[2026-07-14 10:57:46,290][simple_request.py 277][INFO]: Response status code: 200
[2026-07-14 10:57:46,298][simple_request.py 253][INFO]: method:get,url:https://ax-api.pertest.tech/web/virtual-card/simulate-transaction//web/virtual-card/transaction-list?page=1&take=20&virtual_card_id=XR2076853311483535360&transaction_type=card_consume&transaction_sub_type=card
[2026-07-14 10:57:47,934][simple_request.py 273][INFO]: Response status code: 404
[2026-07-14 10:57:47,935][simple_request.py 277][INFO]: Response status code: 404
[2026-07-14 10:57:47,935][simple_request.py 279][ERROR]: Response content: 404 Not Found
[2026-07-14 10:57:47,935][simple_request.py 305][ERROR]: Error occurred during request: 404 Client Error: Not Found for url: https://ax-api.pertest.tech/web/virtual-card/simulate-transaction//web/virtual-card/transaction-list?page=1&take=20&virtual_card_id=XR2076853311483535360&transaction_type=card_consume&transaction_sub_type=card
[2026-07-14 10:59:03,440][execute.py 53][DEBUG]: Environment switched to: test (config: TEST_CONFIG)
[2026-07-14 10:59:03,441][execute.py 107][INFO]: ---环境自动初始化---执行的是test环境
[2026-07-14 10:59:03,838][simple_request.py 253][INFO]: method:get,url:https://ax-api.pertest.tech/admin/virtual-card/get-all-cards?page=1&take=200
[2026-07-14 10:59:06,158][simple_request.py 273][INFO]: Response status code: 200
[2026-07-14 10:59:06,158][simple_request.py 277][INFO]: Response status code: 200
[2026-07-14 10:59:06,166][simple_request.py 253][INFO]: method:get,url:https://ax-api.pertest.tech/web/virtual-card/simulate-transaction//web/virtual-card/transaction-list?page=1&take=20&virtual_card_id=XR2076853311483535360&transaction_type=card_consume&transaction_sub_type=card
[2026-07-14 10:59:07,557][simple_request.py 273][INFO]: Response status code: 404
[2026-07-14 10:59:07,557][simple_request.py 277][INFO]: Response status code: 404
[2026-07-14 10:59:07,557][simple_request.py 279][ERROR]: Response content: 404 Not Found
[2026-07-14 10:59:07,557][simple_request.py 305][ERROR]: Error occurred during request: 404 Client Error: Not Found for url: https://ax-api.pertest.tech/web/virtual-card/simulate-transaction//web/virtual-card/transaction-list?page=1&take=20&virtual_card_id=XR2076853311483535360&transaction_type=card_consume&transaction_sub_type=card
[2026-07-14 10:59:41,951][execute.py 53][DEBUG]: Environment switched to: test (config: TEST_CONFIG)
[2026-07-14 10:59:41,952][execute.py 107][INFO]: ---环境自动初始化---执行的是test环境
[2026-07-14 10:59:42,351][simple_request.py 253][INFO]: method:get,url:https://ax-api.pertest.tech/admin/virtual-card/get-all-cards?page=1&take=200
[2026-07-14 10:59:44,482][simple_request.py 273][INFO]: Response status code: 200
[2026-07-14 10:59:44,482][simple_request.py 277][INFO]: Response status code: 200
[2026-07-14 10:59:44,490][simple_request.py 253][INFO]: method:get,url:https://ax-api.pertest.tech/web/virtual-card/simulate-transaction/web/virtual-card/transaction-list?page=1&take=20&virtual_card_id=XR2076853311483535360&transaction_type=card_consume&transaction_sub_type=card
[2026-07-14 10:59:45,960][simple_request.py 273][INFO]: Response status code: 404
[2026-07-14 10:59:45,961][simple_request.py 277][INFO]: Response status code: 404
[2026-07-14 10:59:45,961][simple_request.py 279][ERROR]: Response content: 404 Not Found
[2026-07-14 10:59:45,961][simple_request.py 305][ERROR]: Error occurred during request: 404 Client Error: Not Found for url: https://ax-api.pertest.tech/web/virtual-card/simulate-transaction/web/virtual-card/transaction-list?page=1&take=20&virtual_card_id=XR2076853311483535360&transaction_type=card_consume&transaction_sub_type=card
[2026-07-14 11:00:35,126][execute.py 53][DEBUG]: Environment switched to: test (config: TEST_CONFIG)
[2026-07-14 11:00:35,126][execute.py 107][INFO]: ---环境自动初始化---执行的是test环境
[2026-07-14 11:00:35,519][simple_request.py 253][INFO]: method:get,url:https://ax-api.pertest.tech/admin/virtual-card/get-all-cards?page=1&take=200
[2026-07-14 11:00:40,436][simple_request.py 273][INFO]: Response status code: 200
[2026-07-14 11:00:40,436][simple_request.py 277][INFO]: Response status code: 200
[2026-07-14 11:00:40,445][simple_request.py 253][INFO]: method:get,url:https://ax-api.pertest.tech/web/virtual-card/transaction-list?page=1&take=20&virtual_card_id=XR2076853311483535360&transaction_type=card_consume&transaction_sub_type=card
[2026-07-14 11:00:42,249][simple_request.py 273][INFO]: Response status code: 400
[2026-07-14 11:00:42,249][simple_request.py 277][INFO]: Response status code: 400
[2026-07-14 11:00:42,250][simple_request.py 279][ERROR]: Response content: {
  "code": 400,
  "message": "virtual_card_id must be a UUID",
  "originalUrl": "/web/virtual-card/transaction-list?page=1&take=20&virtual_card_id=XR2076853311483535360&transaction_type=card_consume&transaction_sub_type=card",
  "timestamp": 1783998042150
}
[2026-07-14 11:00:42,250][simple_request.py 305][ERROR]: Error occurred during request: 400 Client Error: Bad Request for url: https://ax-api.pertest.tech/web/virtual-card/transaction-list?page=1&take=20&virtual_card_id=XR2076853311483535360&transaction_type=card_consume&transaction_sub_type=card
[2026-07-14 11:02:17,303][execute.py 53][DEBUG]: Environment switched to: test (config: TEST_CONFIG)
[2026-07-14 11:02:17,303][execute.py 107][INFO]: ---环境自动初始化---执行的是test环境
[2026-07-14 11:02:17,746][simple_request.py 253][INFO]: method:get,url:https://ax-api.pertest.tech/admin/virtual-card/get-all-cards?page=1&take=200
[2026-07-14 11:02:21,580][simple_request.py 273][INFO]: Response status code: 200
[2026-07-14 11:02:21,580][simple_request.py 277][INFO]: Response status code: 200
[2026-07-14 11:02:21,588][simple_request.py 253][INFO]: method:get,url:https://ax-api.pertest.tech/web/virtual-card/transaction-list?page=1&take=20&virtual_card_id=XR2076853311483535360&transaction_type=card_consume&transaction_sub_type=card
[2026-07-14 11:02:23,454][simple_request.py 273][INFO]: Response status code: 400
[2026-07-14 11:02:23,454][simple_request.py 277][INFO]: Response status code: 400
[2026-07-14 11:02:23,454][simple_request.py 279][ERROR]: Response content: {
  "code": 400,
  "message": "virtual_card_id must be a UUID",
  "originalUrl": "/web/virtual-card/transaction-list?page=1&take=20&virtual_card_id=XR2076853311483535360&transaction_type=card_consume&transaction_sub_type=card",
  "timestamp": 1783998143357
}
[2026-07-14 11:02:23,455][simple_request.py 305][ERROR]: Error occurred during request: 400 Client Error: Bad Request for url: https://ax-api.pertest.tech/web/virtual-card/transaction-list?page=1&take=20&virtual_card_id=XR2076853311483535360&transaction_type=card_consume&transaction_sub_type=card
[2026-07-14 11:06:45,489][execute.py 53][DEBUG]: Environment switched to: test (config: TEST_CONFIG)
[2026-07-14 11:06:45,489][execute.py 107][INFO]: ---环境自动初始化---执行的是test环境
[2026-07-14 11:06:45,872][simple_request.py 253][INFO]: method:get,url:https://ax-api.pertest.tech/admin/virtual-card/get-all-cards?page=1&take=200
[2026-07-14 11:06:48,070][simple_request.py 273][INFO]: Response status code: 200
[2026-07-14 11:06:48,070][simple_request.py 277][INFO]: Response status code: 200
[2026-07-14 11:06:48,077][simple_request.py 253][INFO]: method:get,url:https://ax-api.pertest.tech/web/virtual-card/transaction-list?page=1&take=20&virtual_card_id=XR2074027826290483200&transaction_type=card_consume&transaction_sub_type=card
[2026-07-14 11:06:49,513][simple_request.py 273][INFO]: Response status code: 400
[2026-07-14 11:06:49,513][simple_request.py 277][INFO]: Response status code: 400
[2026-07-14 11:06:49,513][simple_request.py 279][ERROR]: Response content: {
  "code": 400,
  "message": "virtual_card_id must be a UUID",
  "originalUrl": "/web/virtual-card/transaction-list?page=1&take=20&virtual_card_id=XR2074027826290483200&transaction_type=card_consume&transaction_sub_type=card",
  "timestamp": 1783998409488
}
[2026-07-14 11:06:49,513][simple_request.py 305][ERROR]: Error occurred during request: 400 Client Error: Bad Request for url: https://ax-api.pertest.tech/web/virtual-card/transaction-list?page=1&take=20&virtual_card_id=XR2074027826290483200&transaction_type=card_consume&transaction_sub_type=card
[2026-07-14 11:07:08,244][execute.py 53][DEBUG]: Environment switched to: test (config: TEST_CONFIG)
[2026-07-14 11:07:08,244][execute.py 107][INFO]: ---环境自动初始化---执行的是test环境
[2026-07-14 11:07:08,613][simple_request.py 253][INFO]: method:get,url:https://ax-api.pertest.tech/admin/virtual-card/get-all-cards?page=1&take=200
[2026-07-14 11:07:10,986][simple_request.py 273][INFO]: Response status code: 200
[2026-07-14 11:07:10,986][simple_request.py 277][INFO]: Response status code: 200
[2026-07-14 11:07:10,994][simple_request.py 253][INFO]: method:get,url:https://ax-api.pertest.tech/web/virtual-card/transaction-list?page=1&take=20&virtual_card_id=d6489736-4479-4e76-9d67-c5e674176838&transaction_type=card_consume&transaction_sub_type=card
[2026-07-14 11:07:12,937][simple_request.py 273][INFO]: Response status code: 200
[2026-07-14 11:07:12,937][simple_request.py 277][INFO]: Response status code: 200
[2026-07-14 11:07:38,339][execute.py 53][DEBUG]: Environment switched to: test (config: TEST_CONFIG)
[2026-07-14 11:07:38,339][execute.py 107][INFO]: ---环境自动初始化---执行的是test环境
[2026-07-14 11:07:38,704][simple_request.py 253][INFO]: method:get,url:https://ax-api.pertest.tech/admin/virtual-card/get-all-cards?page=1&take=200
[2026-07-14 11:07:41,394][simple_request.py 273][INFO]: Response status code: 200
[2026-07-14 11:07:41,394][simple_request.py 277][INFO]: Response status code: 200
[2026-07-14 11:07:41,401][simple_request.py 253][INFO]: method:get,url:https://ax-api.pertest.tech/web/virtual-card/transaction-list?page=1&take=20&virtual_card_id=d6489736-4479-4e76-9d67-c5e674176838&transaction_type=card_consume&transaction_sub_type=card
[2026-07-14 11:07:43,351][simple_request.py 273][INFO]: Response status code: 200
[2026-07-14 11:07:43,351][simple_request.py 277][INFO]: Response status code: 200
[2026-07-14 11:10:06,634][execute.py 53][DEBUG]: Environment switched to: test (config: TEST_CONFIG)
[2026-07-14 11:10:06,634][execute.py 107][INFO]: ---环境自动初始化---执行的是test环境
[2026-07-14 11:10:23,249][execute.py 53][DEBUG]: Environment switched to: test (config: TEST_CONFIG)
[2026-07-14 11:10:23,249][execute.py 107][INFO]: ---环境自动初始化---执行的是test环境
[2026-07-14 11:10:23,249][execute.py 53][DEBUG]: Environment switched to: test (config: TEST_CONFIG)
[2026-07-14 11:10:23,249][execute.py 87][INFO]: ---测试开始---执行的是test环境
[2026-07-14 11:10:23,770][simple_request.py 253][INFO]: method:POST,url:https://ax-api.pertest.tech/web/user/login
[2026-07-14 11:10:23,770][simple_request.py 255][INFO]: Request data: {
  "loginMethod": "email",
  "password": "53bfef360f0c4e9d70cc1e6b262e24f1",
  "email": "rayn.zhou@alloyx.com",
  "laissezPasser": false,
  "language": "zh_CN"
}
[2026-07-14 11:10:25,198][simple_request.py 273][INFO]: Response status code: 201
[2026-07-14 11:10:25,198][simple_request.py 277][INFO]: Response status code: 201
[2026-07-14 11:10:25,199][read_and_save_tool.py 88][INFO]: 配置已保存到文件: /Users/alloyx/Desktop/alloxy_interface_test/common/config.ini
[2026-07-14 11:10:25,201][simple_request.py 253][INFO]: method:POST,url:https://ax-api.pertest.tech/web/user/login
[2026-07-14 11:10:25,201][simple_request.py 255][INFO]: Request data: {
  "loginMethod": "email",
  "password": "53bfef360f0c4e9d70cc1e6b262e24f1",
  "email": "670246852@qq.com",
  "laissezPasser": false,
  "language": "zh_CN"
}
[2026-07-14 11:10:27,583][simple_request.py 273][INFO]: Response status code: 201
[2026-07-14 11:10:27,583][simple_request.py 277][INFO]: Response status code: 201
[2026-07-14 11:10:27,584][read_and_save_tool.py 88][INFO]: 配置已保存到文件: /Users/alloyx/Desktop/alloxy_interface_test/common/config.ini
[2026-07-14 11:10:58,820][execute.py 53][DEBUG]: Environment switched to: test (config: TEST_CONFIG)
[2026-07-14 11:10:58,820][execute.py 107][INFO]: ---环境自动初始化---执行的是test环境
[2026-07-14 11:10:59,196][simple_request.py 253][INFO]: method:get,url:https://ax-api.pertest.tech/admin/virtual-card/get-all-cards?page=1&take=200
[2026-07-14 11:11:01,507][simple_request.py 273][INFO]: Response status code: 200
[2026-07-14 11:11:01,507][simple_request.py 277][INFO]: Response status code: 200
[2026-07-14 11:11:07,516][simple_request.py 253][INFO]: method:get,url:https://ax-api.pertest.tech/web/virtual-card/photon-card-detail/XR2074027826290483200
[2026-07-14 11:11:11,191][simple_request.py 273][INFO]: Response status code: 200
[2026-07-14 11:11:11,191][simple_request.py 277][INFO]: Response status code: 200
[2026-07-14 11:11:11,191][simple_request.py 253][INFO]: method:get,url:https://ax-api.pertest.tech/web/virtual-card/card-cvv/XR2074027826290483200
[2026-07-14 11:11:13,377][simple_request.py 273][INFO]: Response status code: 200
[2026-07-14 11:11:13,377][simple_request.py 277][INFO]: Response status code: 200
[2026-07-14 11:11:13,377][simple_request.py 253][INFO]: method:post,url:https://ax-api.pertest.tech/web/virtual-card/simulate-transaction
[2026-07-14 11:11:13,377][simple_request.py 255][INFO]: Request data: {
  "requestId": "20260714111111",
  "cardID": "XR2074027826290483200",
  "cvv": "586",
  "expirationDate": "06/29",
  "originTransactionId": "",
  "txnCurrency": "USD",
  "txnAmount": 5,
  "txnType": "auth",
  "mcc": "1234",
  "merchantName": "Ryan",
  "merchantCountry": "US",
  "merchantCity": "test",
  "merchantPostcode": "12345"
}
[2026-07-14 11:11:16,704][simple_request.py 273][INFO]: Response status code: 201
[2026-07-14 11:11:16,704][simple_request.py 277][INFO]: Response status code: 201
[2026-07-14 11:11:16,704][simple_request.py 253][INFO]: method:get,url:https://ax-api.pertest.tech/admin/virtual-card/card-fee?page=1&take=10&identifier_id=9498570428
[2026-07-14 11:11:17,059][simple_request.py 273][INFO]: Response status code: 200
[2026-07-14 11:11:17,059][simple_request.py 277][INFO]: Response status code: 200
[2026-07-14 11:11:17,076][simple_request.py 253][INFO]: method:get,url:https://ax-api.pertest.tech/admin/virtual-card/card-fee?page=1&take=10&identifier_id=9498570428
[2026-07-14 11:11:17,419][simple_request.py 273][INFO]: Response status code: 200
[2026-07-14 11:11:17,419][simple_request.py 277][INFO]: Response status code: 200
[2026-07-14 11:11:23,441][simple_request.py 253][INFO]: method:get,url:https://ax-api.pertest.tech/web/virtual-card/photon-card-detail/XR2074027826290483200
[2026-07-14 11:11:24,571][simple_request.py 273][INFO]: Response status code: 200
[2026-07-14 11:11:24,571][simple_request.py 277][INFO]: Response status code: 200
[2026-07-14 11:11:35,579][simple_request.py 253][INFO]: method:get,url:https://ax-api.pertest.tech/web/virtual-card/photon-card-detail/XR2074027826290483200
[2026-07-14 11:11:36,725][simple_request.py 273][INFO]: Response status code: 200
[2026-07-14 11:11:36,725][simple_request.py 277][INFO]: Response status code: 200
[2026-07-14 11:11:36,725][simple_request.py 253][INFO]: method:get,url:https://ax-api.pertest.tech/web/virtual-card/transaction-list?page=1&take=20&virtual_card_id=d6489736-4479-4e76-9d67-c5e674176838&transaction_type=card_consume&transaction_sub_type=card
[2026-07-14 11:11:37,852][simple_request.py 273][INFO]: Response status code: 200
[2026-07-14 11:11:37,852][simple_request.py 277][INFO]: Response status code: 200
[2026-07-14 11:11:37,868][simple_request.py 253][INFO]: method:get,url:https://ax-api.pertest.tech/web/virtual-card/card-cvv/XR2074027826290483200
[2026-07-14 11:11:40,012][simple_request.py 273][INFO]: Response status code: 200
[2026-07-14 11:11:40,012][simple_request.py 277][INFO]: Response status code: 200
[2026-07-14 11:11:40,012][simple_request.py 253][INFO]: method:post,url:https://ax-api.pertest.tech/web/virtual-card/simulate-transaction
[2026-07-14 11:11:40,012][simple_request.py 255][INFO]: Request data: {
  "requestId": "20260714111137",
  "cardID": "XR2074027826290483200",
  "cvv": "586",
  "expirationDate": "06/29",
  "originTransactionId": "IT2076867087033294848",
  "txnCurrency": "USD",
  "txnAmount": 5,
  "txnType": "refund",
  "mcc": "1234",
  "merchantName": "Ryan",
  "merchantCountry": "US",
  "merchantCity": "test",
  "merchantPostcode": "12345"
}
[2026-07-14 11:11:42,845][simple_request.py 273][INFO]: Response status code: 201
[2026-07-14 11:11:42,846][simple_request.py 277][INFO]: Response status code: 201
[2026-07-14 11:11:42,846][simple_request.py 253][INFO]: method:get,url:https://ax-api.pertest.tech/admin/virtual-card/card-fee?page=1&take=10&identifier_id=9498570428
[2026-07-14 11:11:43,186][simple_request.py 273][INFO]: Response status code: 200
[2026-07-14 11:11:43,186][simple_request.py 277][INFO]: Response status code: 200
[2026-07-14 11:11:43,204][simple_request.py 253][INFO]: method:get,url:https://ax-api.pertest.tech/admin/virtual-card/card-fee?page=1&take=10&identifier_id=9498570428
[2026-07-14 11:11:43,618][simple_request.py 273][INFO]: Response status code: 200
[2026-07-14 11:11:43,618][simple_request.py 277][INFO]: Response status code: 200
[2026-07-14 11:11:49,639][simple_request.py 253][INFO]: method:get,url:https://ax-api.pertest.tech/web/virtual-card/photon-card-detail/XR2074027826290483200
[2026-07-14 11:11:51,007][simple_request.py 273][INFO]: Response status code: 200
[2026-07-14 11:11:51,007][simple_request.py 277][INFO]: Response status code: 200
[2026-07-14 11:14:33,960][execute.py 53][DEBUG]: Environment switched to: test (config: TEST_CONFIG)
[2026-07-14 11:14:33,960][execute.py 107][INFO]: ---环境自动初始化---执行的是test环境
[2026-07-14 11:14:34,360][simple_request.py 253][INFO]: method:get,url:https://ax-api.pertest.tech/admin/virtual-card/get-all-cards?page=1&take=200
[2026-07-14 11:14:37,869][simple_request.py 273][INFO]: Response status code: 200
[2026-07-14 11:14:37,869][simple_request.py 277][INFO]: Response status code: 200
[2026-07-14 11:14:43,880][simple_request.py 253][INFO]: method:get,url:https://ax-api.pertest.tech/web/virtual-card/photon-card-detail/XR2074027826290483200
[2026-07-14 11:14:47,129][simple_request.py 273][INFO]: Response status code: 200
[2026-07-14 11:14:47,130][simple_request.py 277][INFO]: Response status code: 200
[2026-07-14 11:14:47,130][simple_request.py 253][INFO]: method:get,url:https://ax-api.pertest.tech/web/virtual-card/card-cvv/XR2074027826290483200
[2026-07-14 11:14:49,051][simple_request.py 273][INFO]: Response status code: 200
[2026-07-14 11:14:49,051][simple_request.py 277][INFO]: Response status code: 200
[2026-07-14 11:14:49,052][simple_request.py 253][INFO]: method:post,url:https://ax-api.pertest.tech/web/virtual-card/simulate-transaction
[2026-07-14 11:14:49,052][simple_request.py 255][INFO]: Request data: {
  "requestId": "20260714111447",
  "cardID": "XR2074027826290483200",
  "cvv": "586",
  "expirationDate": "06/29",
  "originTransactionId": "",
  "txnCurrency": "USD",
  "txnAmount": 5,
  "txnType": "auth",
  "mcc": "1234",
  "merchantName": "Ryan",
  "merchantCountry": "US",
  "merchantCity": "test",
  "merchantPostcode": "12345"
}
[2026-07-14 11:14:54,769][simple_request.py 273][INFO]: Response status code: 201
[2026-07-14 11:14:54,769][simple_request.py 277][INFO]: Response status code: 201
[2026-07-14 11:14:54,769][simple_request.py 253][INFO]: method:get,url:https://ax-api.pertest.tech/admin/virtual-card/card-fee?page=1&take=10&identifier_id=9498570428
[2026-07-14 11:14:55,293][simple_request.py 273][INFO]: Response status code: 200
[2026-07-14 11:14:55,293][simple_request.py 277][INFO]: Response status code: 200
[2026-07-14 11:14:55,315][simple_request.py 253][INFO]: method:get,url:https://ax-api.pertest.tech/admin/virtual-card/card-fee?page=1&take=10&identifier_id=9498570428
[2026-07-14 11:14:55,822][simple_request.py 273][INFO]: Response status code: 200
[2026-07-14 11:14:55,822][simple_request.py 277][INFO]: Response status code: 200
[2026-07-14 11:15:01,835][simple_request.py 253][INFO]: method:get,url:https://ax-api.pertest.tech/web/virtual-card/photon-card-detail/XR2074027826290483200
[2026-07-14 11:15:03,888][simple_request.py 273][INFO]: Response status code: 200
[2026-07-14 11:15:03,889][simple_request.py 277][INFO]: Response status code: 200
[2026-07-14 11:15:20,233][execute.py 53][DEBUG]: Environment switched to: test (config: TEST_CONFIG)
[2026-07-14 11:15:20,233][execute.py 107][INFO]: ---环境自动初始化---执行的是test环境
[2026-07-14 11:15:20,612][simple_request.py 253][INFO]: method:get,url:https://ax-api.pertest.tech/admin/virtual-card/get-all-cards?page=1&take=200
[2026-07-14 11:15:25,057][simple_request.py 273][INFO]: Response status code: 200
[2026-07-14 11:15:25,057][simple_request.py 277][INFO]: Response status code: 200
[2026-07-14 11:15:31,070][simple_request.py 253][INFO]: method:get,url:https://ax-api.pertest.tech/web/virtual-card/photon-card-detail/XR2074027826290483200
[2026-07-14 11:15:33,879][simple_request.py 273][INFO]: Response status code: 200
[2026-07-14 11:15:33,880][simple_request.py 277][INFO]: Response status code: 200
[2026-07-14 11:15:33,880][simple_request.py 253][INFO]: method:get,url:https://ax-api.pertest.tech/web/virtual-card/card-cvv/XR2074027826290483200
[2026-07-14 11:15:35,184][simple_request.py 273][INFO]: Response status code: 200
[2026-07-14 11:15:35,184][simple_request.py 277][INFO]: Response status code: 200
[2026-07-14 11:15:35,184][simple_request.py 253][INFO]: method:post,url:https://ax-api.pertest.tech/web/virtual-card/simulate-transaction
[2026-07-14 11:15:35,184][simple_request.py 255][INFO]: Request data: {
  "requestId": "20260714111533",
  "cardID": "XR2074027826290483200",
  "cvv": "586",
  "expirationDate": "06/29",
  "originTransactionId": "",
  "txnCurrency": "USD",
  "txnAmount": 5,
  "txnType": "auth",
  "mcc": "1234",
  "merchantName": "Ryan",
  "merchantCountry": "US",
  "merchantCity": "test",
  "merchantPostcode": "12345"
}
[2026-07-14 11:15:37,471][simple_request.py 273][INFO]: Response status code: 201
[2026-07-14 11:15:37,471][simple_request.py 277][INFO]: Response status code: 201
[2026-07-14 11:15:37,471][simple_request.py 253][INFO]: method:get,url:https://ax-api.pertest.tech/admin/virtual-card/card-fee?page=1&take=10&identifier_id=9498570428
[2026-07-14 11:15:38,003][simple_request.py 273][INFO]: Response status code: 200
[2026-07-14 11:15:38,003][simple_request.py 277][INFO]: Response status code: 200
[2026-07-14 11:15:38,022][simple_request.py 253][INFO]: method:get,url:https://ax-api.pertest.tech/admin/virtual-card/card-fee?page=1&take=10&identifier_id=9498570428
[2026-07-14 11:15:38,548][simple_request.py 273][INFO]: Response status code: 200
[2026-07-14 11:15:38,548][simple_request.py 277][INFO]: Response status code: 200
[2026-07-14 11:15:44,567][simple_request.py 253][INFO]: method:get,url:https://ax-api.pertest.tech/web/virtual-card/photon-card-detail/XR2074027826290483200
[2026-07-14 11:15:45,963][simple_request.py 273][INFO]: Response status code: 200
[2026-07-14 11:15:45,963][simple_request.py 277][INFO]: Response status code: 200
[2026-07-14 11:15:56,971][simple_request.py 253][INFO]: method:get,url:https://ax-api.pertest.tech/web/virtual-card/photon-card-detail/XR2074027826290483200
[2026-07-14 11:15:59,467][simple_request.py 273][INFO]: Response status code: 200
[2026-07-14 11:15:59,467][simple_request.py 277][INFO]: Response status code: 200
[2026-07-14 11:15:59,467][simple_request.py 253][INFO]: method:get,url:https://ax-api.pertest.tech/web/virtual-card/transaction-list?page=1&take=20&virtual_card_id=d6489736-4479-4e76-9d67-c5e674176838&transaction_type=card_consume&transaction_sub_type=card
[2026-07-14 11:16:01,181][simple_request.py 273][INFO]: Response status code: 200
[2026-07-14 11:16:01,181][simple_request.py 277][INFO]: Response status code: 200
[2026-07-14 11:16:01,200][simple_request.py 253][INFO]: method:get,url:https://ax-api.pertest.tech/web/virtual-card/card-cvv/XR2074027826290483200
[2026-07-14 11:16:02,611][simple_request.py 273][INFO]: Response status code: 200
[2026-07-14 11:16:02,611][simple_request.py 277][INFO]: Response status code: 200
[2026-07-14 11:16:02,611][simple_request.py 253][INFO]: method:post,url:https://ax-api.pertest.tech/web/virtual-card/simulate-transaction
[2026-07-14 11:16:02,611][simple_request.py 255][INFO]: Request data: {
  "requestId": "20260714111601",
  "cardID": "XR2074027826290483200",
  "cvv": "586",
  "expirationDate": "06/29",
  "originTransactionId": "IT2076868185865445376",
  "txnCurrency": "USD",
  "txnAmount": 5,
  "txnType": "void",
  "mcc": "1234",
  "merchantName": "Ryan",
  "merchantCountry": "US",
  "merchantCity": "test",
  "merchantPostcode": "12345"
}
[2026-07-14 11:16:05,624][simple_request.py 273][INFO]: Response status code: 201
[2026-07-14 11:16:05,624][simple_request.py 277][INFO]: Response status code: 201
[2026-07-14 11:16:05,624][simple_request.py 253][INFO]: method:get,url:https://ax-api.pertest.tech/admin/virtual-card/card-fee?page=1&take=10&identifier_id=9498570428
[2026-07-14 11:16:06,149][simple_request.py 273][INFO]: Response status code: 200
[2026-07-14 11:16:06,150][simple_request.py 277][INFO]: Response status code: 200
[2026-07-14 11:16:06,169][simple_request.py 253][INFO]: method:get,url:https://ax-api.pertest.tech/admin/virtual-card/card-fee?page=1&take=10&identifier_id=9498570428
[2026-07-14 11:16:06,687][simple_request.py 273][INFO]: Response status code: 200
[2026-07-14 11:16:06,687][simple_request.py 277][INFO]: Response status code: 200
[2026-07-14 11:16:12,708][simple_request.py 253][INFO]: method:get,url:https://ax-api.pertest.tech/web/virtual-card/photon-card-detail/XR2074027826290483200
[2026-07-14 11:16:14,200][simple_request.py 273][INFO]: Response status code: 200
[2026-07-14 11:16:14,200][simple_request.py 277][INFO]: Response status code: 200
[2026-07-14 11:22:32,773][execute.py 53][DEBUG]: Environment switched to: test (config: TEST_CONFIG)
[2026-07-14 11:22:32,774][execute.py 107][INFO]: ---环境自动初始化---执行的是test环境
[2026-07-14 11:22:33,163][simple_request.py 253][INFO]: method:get,url:https://ax-api.pertest.tech/admin/virtual-card/get-all-cards?page=1&take=200
[2026-07-14 11:22:36,666][simple_request.py 273][INFO]: Response status code: 200
[2026-07-14 11:22:36,666][simple_request.py 277][INFO]: Response status code: 200
[2026-07-14 11:22:42,677][simple_request.py 253][INFO]: method:get,url:https://ax-api.pertest.tech/web/virtual-card/photon-card-detail/XR2074027826290483200
[2026-07-14 11:22:45,782][simple_request.py 273][INFO]: Response status code: 200
[2026-07-14 11:22:45,782][simple_request.py 277][INFO]: Response status code: 200
[2026-07-14 11:22:45,782][simple_request.py 253][INFO]: method:get,url:https://ax-api.pertest.tech/web/virtual-card/card-cvv/XR2074027826290483200
[2026-07-14 11:22:47,522][simple_request.py 273][INFO]: Response status code: 200
[2026-07-14 11:22:47,522][simple_request.py 277][INFO]: Response status code: 200
[2026-07-14 11:22:47,522][simple_request.py 253][INFO]: method:post,url:https://ax-api.pertest.tech/web/virtual-card/simulate-transaction
[2026-07-14 11:22:47,523][simple_request.py 255][INFO]: Request data: {
  "requestId": "20260714112245",
  "cardID": "XR2074027826290483200",
  "cvv": "586",
  "expirationDate": "06/29",
  "originTransactionId": "",
  "txnCurrency": "USD",
  "txnAmount": 5,
  "txnType": "auth",
  "mcc": "1234",
  "merchantName": "Ryan",
  "merchantCountry": "HK",
  "merchantCity": "test",
  "merchantPostcode": "12345"
}
[2026-07-14 11:22:51,444][simple_request.py 273][INFO]: Response status code: 201
[2026-07-14 11:22:51,444][simple_request.py 277][INFO]: Response status code: 201
[2026-07-14 11:22:51,444][simple_request.py 253][INFO]: method:get,url:https://ax-api.pertest.tech/admin/virtual-card/card-fee?page=1&take=10&identifier_id=9498570428
[2026-07-14 11:22:52,374][simple_request.py 273][INFO]: Response status code: 200
[2026-07-14 11:22:52,374][simple_request.py 277][INFO]: Response status code: 200
[2026-07-14 11:22:52,389][simple_request.py 253][INFO]: method:get,url:https://ax-api.pertest.tech/admin/virtual-card/card-fee?page=1&take=10&identifier_id=9498570428
[2026-07-14 11:22:53,118][simple_request.py 273][INFO]: Response status code: 200
[2026-07-14 11:22:53,119][simple_request.py 277][INFO]: Response status code: 200
[2026-07-14 11:22:59,141][simple_request.py 253][INFO]: method:get,url:https://ax-api.pertest.tech/web/virtual-card/photon-card-detail/XR2074027826290483200
[2026-07-14 11:23:00,522][simple_request.py 273][INFO]: Response status code: 200
[2026-07-14 11:23:00,522][simple_request.py 277][INFO]: Response status code: 200
[2026-07-14 11:23:11,531][simple_request.py 253][INFO]: method:get,url:https://ax-api.pertest.tech/web/virtual-card/photon-card-detail/XR2074027826290483200
[2026-07-14 11:23:12,819][simple_request.py 273][INFO]: Response status code: 200
[2026-07-14 11:23:12,819][simple_request.py 277][INFO]: Response status code: 200
[2026-07-14 11:23:12,819][simple_request.py 253][INFO]: method:get,url:https://ax-api.pertest.tech/web/virtual-card/transaction-list?page=1&take=20&virtual_card_id=d6489736-4479-4e76-9d67-c5e674176838&transaction_type=card_consume&transaction_sub_type=card
[2026-07-14 11:23:14,394][simple_request.py 273][INFO]: Response status code: 200
[2026-07-14 11:23:14,395][simple_request.py 277][INFO]: Response status code: 200
[2026-07-14 11:23:14,413][simple_request.py 253][INFO]: method:get,url:https://ax-api.pertest.tech/web/virtual-card/card-cvv/XR2074027826290483200
[2026-07-14 11:23:16,332][simple_request.py 273][INFO]: Response status code: 200
[2026-07-14 11:23:16,332][simple_request.py 277][INFO]: Response status code: 200
[2026-07-14 11:23:16,333][simple_request.py 253][INFO]: method:post,url:https://ax-api.pertest.tech/web/virtual-card/simulate-transaction
[2026-07-14 11:23:16,333][simple_request.py 255][INFO]: Request data: {
  "requestId": "20260714112314",
  "cardID": "XR2074027826290483200",
  "cvv": "586",
  "expirationDate": "06/29",
  "originTransactionId": "IT2076870005958500352",
  "txnCurrency": "USD",
  "txnAmount": 5,
  "txnType": "void",
  "mcc": "1234",
  "merchantName": "Ryan",
  "merchantCountry": "HK",
  "merchantCity": "test",
  "merchantPostcode": "12345"
}
[2026-07-14 11:23:18,301][simple_request.py 273][INFO]: Response status code: 201
[2026-07-14 11:23:18,301][simple_request.py 277][INFO]: Response status code: 201
[2026-07-14 11:23:18,301][simple_request.py 253][INFO]: method:get,url:https://ax-api.pertest.tech/admin/virtual-card/card-fee?page=1&take=10&identifier_id=9498570428
[2026-07-14 11:23:18,811][simple_request.py 273][INFO]: Response status code: 200
[2026-07-14 11:23:18,811][simple_request.py 277][INFO]: Response status code: 200
[2026-07-14 11:23:18,828][simple_request.py 253][INFO]: method:get,url:https://ax-api.pertest.tech/admin/virtual-card/card-fee?page=1&take=10&identifier_id=9498570428
[2026-07-14 11:23:19,334][simple_request.py 273][INFO]: Response status code: 200
[2026-07-14 11:23:19,334][simple_request.py 277][INFO]: Response status code: 200
[2026-07-14 11:23:25,343][simple_request.py 253][INFO]: method:get,url:https://ax-api.pertest.tech/web/virtual-card/photon-card-detail/XR2074027826290483200
[2026-07-14 11:23:26,736][simple_request.py 273][INFO]: Response status code: 200
[2026-07-14 11:23:26,736][simple_request.py 277][INFO]: Response status code: 200
[2026-07-14 11:24:52,777][execute.py 53][DEBUG]: Environment switched to: test (config: TEST_CONFIG)
[2026-07-14 11:24:52,777][execute.py 107][INFO]: ---环境自动初始化---执行的是test环境
[2026-07-14 11:24:53,140][simple_request.py 253][INFO]: method:get,url:https://ax-api.pertest.tech/admin/virtual-card/get-all-cards?page=1&take=200
[2026-07-14 11:24:56,448][simple_request.py 273][INFO]: Response status code: 200
[2026-07-14 11:24:56,448][simple_request.py 277][INFO]: Response status code: 200
[2026-07-14 11:25:02,457][simple_request.py 253][INFO]: method:get,url:https://ax-api.pertest.tech/web/virtual-card/photon-card-detail/XR2072867363351552000
[2026-07-14 11:25:05,249][simple_request.py 273][INFO]: Response status code: 200
[2026-07-14 11:25:05,250][simple_request.py 277][INFO]: Response status code: 200
[2026-07-14 11:25:05,250][simple_request.py 253][INFO]: method:get,url:https://ax-api.pertest.tech/web/virtual-card/card-cvv/XR2072867363351552000
[2026-07-14 11:25:06,577][simple_request.py 273][INFO]: Response status code: 200
[2026-07-14 11:25:06,577][simple_request.py 277][INFO]: Response status code: 200
[2026-07-14 11:25:06,577][simple_request.py 253][INFO]: method:post,url:https://ax-api.pertest.tech/web/virtual-card/simulate-transaction
[2026-07-14 11:25:06,578][simple_request.py 255][INFO]: Request data: {
  "requestId": "20260714112505",
  "cardID": "XR2072867363351552000",
  "cvv": "381",
  "expirationDate": "11/28",
  "originTransactionId": "",
  "txnCurrency": "USD",
  "txnAmount": 3,
  "txnType": "auth",
  "mcc": "1234",
  "merchantName": "Ryan",
  "merchantCountry": "HK",
  "merchantCity": "test",
  "merchantPostcode": "12345",
  "productCode": "photon-us"
}
[2026-07-14 11:25:11,191][simple_request.py 273][INFO]: Response status code: 201
[2026-07-14 11:25:11,191][simple_request.py 277][INFO]: Response status code: 201
[2026-07-14 11:25:11,191][simple_request.py 253][INFO]: method:get,url:https://ax-api.pertest.tech/admin/virtual-card/card-fee?page=1&take=10&identifier_id=9498570428
[2026-07-14 11:25:11,713][simple_request.py 273][INFO]: Response status code: 200
[2026-07-14 11:25:11,713][simple_request.py 277][INFO]: Response status code: 200
[2026-07-14 11:25:11,733][simple_request.py 253][INFO]: method:get,url:https://ax-api.pertest.tech/admin/virtual-card/card-fee?page=1&take=10&identifier_id=9498570428
[2026-07-14 11:25:12,241][simple_request.py 273][INFO]: Response status code: 200
[2026-07-14 11:25:12,241][simple_request.py 277][INFO]: Response status code: 200
[2026-07-14 11:25:18,264][simple_request.py 253][INFO]: method:get,url:https://ax-api.pertest.tech/web/virtual-card/photon-card-detail/XR2072867363351552000
[2026-07-14 11:25:19,673][simple_request.py 273][INFO]: Response status code: 200
[2026-07-14 11:25:19,674][simple_request.py 277][INFO]: Response status code: 200
[2026-07-14 11:25:30,680][simple_request.py 253][INFO]: method:get,url:https://ax-api.pertest.tech/web/virtual-card/photon-card-detail/XR2072867363351552000
[2026-07-14 11:25:32,071][simple_request.py 273][INFO]: Response status code: 200
[2026-07-14 11:25:32,072][simple_request.py 277][INFO]: Response status code: 200
[2026-07-14 11:25:32,072][simple_request.py 253][INFO]: method:get,url:https://ax-api.pertest.tech/web/virtual-card/transaction-list?page=1&take=20&virtual_card_id=e754792f-d1c3-4ea1-acba-6b43cdf5fe3e&transaction_type=card_consume&transaction_sub_type=card
[2026-07-14 11:25:32,651][simple_request.py 273][INFO]: Response status code: 200
[2026-07-14 11:25:32,651][simple_request.py 277][INFO]: Response status code: 200
[2026-07-14 11:25:32,668][simple_request.py 253][INFO]: method:get,url:https://ax-api.pertest.tech/web/virtual-card/card-cvv/XR2072867363351552000
[2026-07-14 11:25:33,974][simple_request.py 273][INFO]: Response status code: 200
[2026-07-14 11:25:33,974][simple_request.py 277][INFO]: Response status code: 200
[2026-07-14 11:25:33,974][simple_request.py 253][INFO]: method:post,url:https://ax-api.pertest.tech/web/virtual-card/simulate-transaction
[2026-07-14 11:25:33,974][simple_request.py 255][INFO]: Request data: {
  "requestId": "20260714112532",
  "cardID": "XR2072867363351552000",
  "cvv": "381",
  "expirationDate": "11/28",
  "originTransactionId": null,
  "txnCurrency": "USD",
  "txnAmount": 3,
  "txnType": "refund",
  "mcc": "1234",
  "merchantName": "Ryan",
  "merchantCountry": "HK",
  "merchantCity": "test",
  "merchantPostcode": "12345",
  "productCode": "photon-us"
}
[2026-07-14 11:25:34,730][simple_request.py 273][INFO]: Response status code: 400
[2026-07-14 11:25:34,730][simple_request.py 277][INFO]: Response status code: 400
[2026-07-14 11:25:34,730][simple_request.py 279][ERROR]: Response content: {
  "code": -1,
  "message": "参数错误: originTransactionId is required for void or refund transactions",
  "originalUrl": "/web/virtual-card/simulate-transaction",
  "timestamp": 1783999534625
}
[2026-07-14 11:25:34,730][simple_request.py 305][ERROR]: Error occurred during request: 400 Client Error: Bad Request for url: https://ax-api.pertest.tech/web/virtual-card/simulate-transaction
[2026-07-14 11:26:12,961][execute.py 53][DEBUG]: Environment switched to: test (config: TEST_CONFIG)
[2026-07-14 11:26:12,961][execute.py 107][INFO]: ---环境自动初始化---执行的是test环境
[2026-07-14 11:26:12,962][execute.py 53][DEBUG]: Environment switched to: test (config: TEST_CONFIG)
[2026-07-14 11:26:12,962][execute.py 87][INFO]: ---测试开始---执行的是test环境
[2026-07-14 11:26:13,474][simple_request.py 253][INFO]: method:POST,url:https://ax-api.pertest.tech/web/user/login
[2026-07-14 11:26:13,474][simple_request.py 255][INFO]: Request data: {
  "loginMethod": "email",
  "password": "53bfef360f0c4e9d70cc1e6b262e24f1",
  "email": "rayn.zhou@alloyx.com",
  "laissezPasser": false,
  "language": "zh_CN"
}
[2026-07-14 11:26:14,871][simple_request.py 273][INFO]: Response status code: 201
[2026-07-14 11:26:14,871][simple_request.py 277][INFO]: Response status code: 201
[2026-07-14 11:26:14,872][read_and_save_tool.py 88][INFO]: 配置已保存到文件: /Users/alloyx/Desktop/alloxy_interface_test/common/config.ini
[2026-07-14 11:26:14,877][simple_request.py 253][INFO]: method:POST,url:https://ax-api.pertest.tech/web/user/login
[2026-07-14 11:26:14,877][simple_request.py 255][INFO]: Request data: {
  "loginMethod": "email",
  "password": "53bfef360f0c4e9d70cc1e6b262e24f1",
  "email": "670246852@qq.com",
  "laissezPasser": false,
  "language": "zh_CN"
}
[2026-07-14 11:26:16,410][simple_request.py 273][INFO]: Response status code: 201
[2026-07-14 11:26:16,411][simple_request.py 277][INFO]: Response status code: 201
[2026-07-14 11:26:16,412][read_and_save_tool.py 88][INFO]: 配置已保存到文件: /Users/alloyx/Desktop/alloxy_interface_test/common/config.ini
[2026-07-14 11:26:23,871][execute.py 53][DEBUG]: Environment switched to: test (config: TEST_CONFIG)
[2026-07-14 11:26:23,871][execute.py 107][INFO]: ---环境自动初始化---执行的是test环境
[2026-07-14 11:26:24,154][simple_request.py 253][INFO]: method:get,url:https://ax-api.pertest.tech/admin/virtual-card/get-all-cards?page=1&take=200
[2026-07-14 11:26:27,856][simple_request.py 273][INFO]: Response status code: 200
[2026-07-14 11:26:27,857][simple_request.py 277][INFO]: Response status code: 200
[2026-07-14 11:26:33,869][simple_request.py 253][INFO]: method:get,url:https://ax-api.pertest.tech/web/virtual-card/photon-card-detail/XR2072867363351552000
[2026-07-14 11:26:39,079][simple_request.py 273][INFO]: Response status code: 200
[2026-07-14 11:26:39,079][simple_request.py 277][INFO]: Response status code: 200
[2026-07-14 11:26:39,080][simple_request.py 253][INFO]: method:get,url:https://ax-api.pertest.tech/web/virtual-card/card-cvv/XR2072867363351552000
[2026-07-14 11:26:40,228][simple_request.py 273][INFO]: Response status code: 200
[2026-07-14 11:26:40,228][simple_request.py 277][INFO]: Response status code: 200
[2026-07-14 11:26:40,228][simple_request.py 253][INFO]: method:post,url:https://ax-api.pertest.tech/web/virtual-card/simulate-transaction
[2026-07-14 11:26:40,228][simple_request.py 255][INFO]: Request data: {
  "requestId": "20260714112639",
  "cardID": "XR2072867363351552000",
  "cvv": "381",
  "expirationDate": "11/28",
  "originTransactionId": "",
  "txnCurrency": "USD",
  "txnAmount": 3,
  "txnType": "auth",
  "mcc": "1234",
  "merchantName": "Ryan",
  "merchantCountry": "HK",
  "merchantCity": "test",
  "merchantPostcode": "12345",
  "productCode": "photon-us"
}
[2026-07-14 11:26:42,545][simple_request.py 273][INFO]: Response status code: 201
[2026-07-14 11:26:42,545][simple_request.py 277][INFO]: Response status code: 201
[2026-07-14 11:26:42,545][simple_request.py 253][INFO]: method:get,url:https://ax-api.pertest.tech/admin/virtual-card/card-fee?page=1&take=10&identifier_id=9498570428
[2026-07-14 11:26:42,930][simple_request.py 273][INFO]: Response status code: 200
[2026-07-14 11:26:42,930][simple_request.py 277][INFO]: Response status code: 200
[2026-07-14 11:26:42,967][simple_request.py 253][INFO]: method:get,url:https://ax-api.pertest.tech/admin/virtual-card/card-fee?page=1&take=10&identifier_id=9498570428
[2026-07-14 11:26:43,962][simple_request.py 273][INFO]: Response status code: 200
[2026-07-14 11:26:43,962][simple_request.py 277][INFO]: Response status code: 200
[2026-07-14 11:26:49,983][simple_request.py 253][INFO]: method:get,url:https://ax-api.pertest.tech/web/virtual-card/photon-card-detail/XR2072867363351552000
[2026-07-14 11:26:51,143][simple_request.py 273][INFO]: Response status code: 200
[2026-07-14 11:26:51,143][simple_request.py 277][INFO]: Response status code: 200
[2026-07-14 11:27:02,150][simple_request.py 253][INFO]: method:get,url:https://ax-api.pertest.tech/web/virtual-card/photon-card-detail/XR2072867363351552000
[2026-07-14 11:27:03,362][simple_request.py 273][INFO]: Response status code: 200
[2026-07-14 11:27:03,362][simple_request.py 277][INFO]: Response status code: 200
[2026-07-14 11:27:03,362][simple_request.py 253][INFO]: method:get,url:https://ax-api.pertest.tech/web/virtual-card/transaction-list?page=1&take=20&virtual_card_id=e754792f-d1c3-4ea1-acba-6b43cdf5fe3e&transaction_type=card_consume&transaction_sub_type=card
[2026-07-14 11:27:03,729][simple_request.py 273][INFO]: Response status code: 200
[2026-07-14 11:27:03,729][simple_request.py 277][INFO]: Response status code: 200
[2026-07-14 11:27:03,746][simple_request.py 253][INFO]: method:get,url:https://ax-api.pertest.tech/web/virtual-card/card-cvv/XR2072867363351552000
[2026-07-14 11:27:04,866][simple_request.py 273][INFO]: Response status code: 200
[2026-07-14 11:27:04,866][simple_request.py 277][INFO]: Response status code: 200
[2026-07-14 11:27:04,866][simple_request.py 253][INFO]: method:post,url:https://ax-api.pertest.tech/web/virtual-card/simulate-transaction
[2026-07-14 11:27:04,866][simple_request.py 255][INFO]: Request data: {
  "requestId": "20260714112703",
  "cardID": "XR2072867363351552000",
  "cvv": "381",
  "expirationDate": "11/28",
  "originTransactionId": null,
  "txnCurrency": "USD",
  "txnAmount": 3,
  "txnType": "refund",
  "mcc": "1234",
  "merchantName": "Ryan",
  "merchantCountry": "HK",
  "merchantCity": "test",
  "merchantPostcode": "12345",
  "productCode": "photon-us"
}
[2026-07-14 11:27:06,165][simple_request.py 273][INFO]: Response status code: 400
[2026-07-14 11:27:06,165][simple_request.py 277][INFO]: Response status code: 400
[2026-07-14 11:27:06,165][simple_request.py 279][ERROR]: Response content: {
  "code": -1,
  "message": "参数错误: originTransactionId is required for void or refund transactions",
  "originalUrl": "/web/virtual-card/simulate-transaction",
  "timestamp": 1783999626151
}
[2026-07-14 11:27:06,166][simple_request.py 305][ERROR]: Error occurred during request: 400 Client Error: Bad Request for url: https://ax-api.pertest.tech/web/virtual-card/simulate-transaction
[2026-07-14 11:32:26,204][execute.py 53][DEBUG]: Environment switched to: test (config: TEST_CONFIG)
[2026-07-14 11:32:26,204][execute.py 107][INFO]: ---环境自动初始化---执行的是test环境
[2026-07-14 11:32:26,644][simple_request.py 253][INFO]: method:get,url:https://ax-api.pertest.tech/admin/virtual-card/get-all-cards?page=1&take=200
[2026-07-14 11:32:29,035][simple_request.py 273][INFO]: Response status code: 200
[2026-07-14 11:32:29,035][simple_request.py 277][INFO]: Response status code: 200
[2026-07-14 11:32:35,044][simple_request.py 253][INFO]: method:get,url:https://ax-api.pertest.tech/web/virtual-card/photon-card-detail/XR2072867363351552000
[2026-07-14 11:32:37,436][simple_request.py 273][INFO]: Response status code: 200
[2026-07-14 11:32:37,436][simple_request.py 277][INFO]: Response status code: 200
[2026-07-14 11:32:37,436][simple_request.py 253][INFO]: method:get,url:https://ax-api.pertest.tech/web/virtual-card/card-cvv/XR2072867363351552000
[2026-07-14 11:32:38,575][simple_request.py 273][INFO]: Response status code: 200
[2026-07-14 11:32:38,576][simple_request.py 277][INFO]: Response status code: 200
[2026-07-14 11:32:38,576][simple_request.py 253][INFO]: method:post,url:https://ax-api.pertest.tech/web/virtual-card/simulate-transaction
[2026-07-14 11:32:38,576][simple_request.py 255][INFO]: Request data: {
  "requestId": "20260714113237",
  "cardID": "XR2072867363351552000",
  "cvv": "381",
  "expirationDate": "11/28",
  "originTransactionId": "",
  "txnCurrency": "USD",
  "txnAmount": 3,
  "txnType": "auth",
  "mcc": "1234",
  "merchantName": "Ryan",
  "merchantCountry": "HK",
  "merchantCity": "test",
  "merchantPostcode": "12345",
  "productCode": "photon-us"
}
[2026-07-14 11:32:42,138][simple_request.py 273][INFO]: Response status code: 201
[2026-07-14 11:32:42,139][simple_request.py 277][INFO]: Response status code: 201
[2026-07-14 11:32:42,139][simple_request.py 253][INFO]: method:get,url:https://ax-api.pertest.tech/admin/virtual-card/card-fee?page=1&take=10&identifier_id=9498570428
[2026-07-14 11:32:42,484][simple_request.py 273][INFO]: Response status code: 200
[2026-07-14 11:32:42,484][simple_request.py 277][INFO]: Response status code: 200
[2026-07-14 11:32:42,501][simple_request.py 253][INFO]: method:get,url:https://ax-api.pertest.tech/admin/virtual-card/card-fee?page=1&take=10&identifier_id=9498570428
[2026-07-14 11:32:42,833][simple_request.py 273][INFO]: Response status code: 200
[2026-07-14 11:32:42,833][simple_request.py 277][INFO]: Response status code: 200
[2026-07-14 11:32:48,851][simple_request.py 253][INFO]: method:get,url:https://ax-api.pertest.tech/web/virtual-card/photon-card-detail/XR2072867363351552000
[2026-07-14 11:32:50,742][simple_request.py 273][INFO]: Response status code: 200
[2026-07-14 11:32:50,742][simple_request.py 277][INFO]: Response status code: 200
[2026-07-14 11:33:01,624][simple_request.py 253][INFO]: method:get,url:https://ax-api.pertest.tech/web/virtual-card/photon-card-detail/XR2072867363351552000
[2026-07-14 11:33:03,642][simple_request.py 273][INFO]: Response status code: 200
[2026-07-14 11:33:03,642][simple_request.py 277][INFO]: Response status code: 200
[2026-07-14 11:33:03,642][simple_request.py 253][INFO]: method:get,url:https://ax-api.pertest.tech/web/virtual-card/transaction-list?page=1&take=20&virtual_card_id=e754792f-d1c3-4ea1-acba-6b43cdf5fe3e&transaction_type=card_consume&transaction_sub_type=card
[2026-07-14 11:33:04,350][simple_request.py 273][INFO]: Response status code: 200
[2026-07-14 11:33:04,350][simple_request.py 277][INFO]: Response status code: 200
[2026-07-14 11:33:04,366][simple_request.py 253][INFO]: method:get,url:https://ax-api.pertest.tech/web/virtual-card/transaction-list?page=1&take=20&virtual_card_id=e754792f-d1c3-4ea1-acba-6b43cdf5fe3e&transaction_type=card_consume&transaction_sub_type=card_share_group
[2026-07-14 11:33:05,488][simple_request.py 273][INFO]: Response status code: 200
[2026-07-14 11:33:05,488][simple_request.py 277][INFO]: Response status code: 200
[2026-07-14 11:33:05,507][simple_request.py 253][INFO]: method:get,url:https://ax-api.pertest.tech/web/virtual-card/card-cvv/XR2072867363351552000
[2026-07-14 11:33:06,690][simple_request.py 273][INFO]: Response status code: 200
[2026-07-14 11:33:06,690][simple_request.py 277][INFO]: Response status code: 200
[2026-07-14 11:33:06,690][simple_request.py 253][INFO]: method:post,url:https://ax-api.pertest.tech/web/virtual-card/simulate-transaction
[2026-07-14 11:33:06,690][simple_request.py 255][INFO]: Request data: {
  "requestId": "20260714113305",
  "cardID": "XR2072867363351552000",
  "cvv": "381",
  "expirationDate": "11/28",
  "originTransactionId": "IT2076872480170041344",
  "txnCurrency": "USD",
  "txnAmount": 3,
  "txnType": "void",
  "mcc": "1234",
  "merchantName": "Ryan",
  "merchantCountry": "HK",
  "merchantCity": "test",
  "merchantPostcode": "12345",
  "productCode": "photon-us"
}
[2026-07-14 11:33:07,938][simple_request.py 273][INFO]: Response status code: 201
[2026-07-14 11:33:07,938][simple_request.py 277][INFO]: Response status code: 201
[2026-07-14 11:33:07,938][simple_request.py 253][INFO]: method:get,url:https://ax-api.pertest.tech/admin/virtual-card/card-fee?page=1&take=10&identifier_id=9498570428
[2026-07-14 11:33:08,286][simple_request.py 273][INFO]: Response status code: 200
[2026-07-14 11:33:08,286][simple_request.py 277][INFO]: Response status code: 200
[2026-07-14 11:33:08,304][simple_request.py 253][INFO]: method:get,url:https://ax-api.pertest.tech/admin/virtual-card/card-fee?page=1&take=10&identifier_id=9498570428
[2026-07-14 11:33:08,633][simple_request.py 273][INFO]: Response status code: 200
[2026-07-14 11:33:08,633][simple_request.py 277][INFO]: Response status code: 200
[2026-07-14 11:33:14,652][simple_request.py 253][INFO]: method:get,url:https://ax-api.pertest.tech/web/virtual-card/photon-card-detail/XR2072867363351552000
[2026-07-14 11:33:15,788][simple_request.py 273][INFO]: Response status code: 200
[2026-07-14 11:33:15,789][simple_request.py 277][INFO]: Response status code: 200
[2026-07-14 11:34:32,123][execute.py 53][DEBUG]: Environment switched to: test (config: TEST_CONFIG)
[2026-07-14 11:34:32,124][execute.py 107][INFO]: ---环境自动初始化---执行的是test环境
[2026-07-14 11:34:32,525][simple_request.py 253][INFO]: method:get,url:https://ax-api.pertest.tech/admin/virtual-card/get-all-cards?page=1&take=200
[2026-07-14 11:34:35,128][simple_request.py 273][INFO]: Response status code: 200
[2026-07-14 11:34:35,128][simple_request.py 277][INFO]: Response status code: 200
[2026-07-14 11:34:41,140][simple_request.py 253][INFO]: method:get,url:https://ax-api.pertest.tech/web/virtual-card/photon-card-detail/XR2072867363351552000
[2026-07-14 11:34:43,255][simple_request.py 273][INFO]: Response status code: 200
[2026-07-14 11:34:43,255][simple_request.py 277][INFO]: Response status code: 200
[2026-07-14 11:34:43,255][simple_request.py 253][INFO]: method:get,url:https://ax-api.pertest.tech/web/virtual-card/card-cvv/XR2072867363351552000
[2026-07-14 11:34:44,349][simple_request.py 273][INFO]: Response status code: 200
[2026-07-14 11:34:44,349][simple_request.py 277][INFO]: Response status code: 200
[2026-07-14 11:34:44,349][simple_request.py 253][INFO]: method:post,url:https://ax-api.pertest.tech/web/virtual-card/simulate-transaction
[2026-07-14 11:34:44,349][simple_request.py 255][INFO]: Request data: {
  "requestId": "20260714113443",
  "cardID": "XR2072867363351552000",
  "cvv": "381",
  "expirationDate": "11/28",
  "originTransactionId": "",
  "txnCurrency": "USD",
  "txnAmount": 3,
  "txnType": "auth",
  "mcc": "1234",
  "merchantName": "Ryan",
  "merchantCountry": "HK",
  "merchantCity": "test",
  "merchantPostcode": "12345",
  "productCode": "photon-us"
}
[2026-07-14 11:34:46,158][simple_request.py 273][INFO]: Response status code: 201
[2026-07-14 11:34:46,158][simple_request.py 277][INFO]: Response status code: 201
[2026-07-14 11:34:46,158][simple_request.py 253][INFO]: method:get,url:https://ax-api.pertest.tech/admin/virtual-card/card-fee?page=1&take=10&identifier_id=9498570428
[2026-07-14 11:34:46,519][simple_request.py 273][INFO]: Response status code: 200
[2026-07-14 11:34:46,520][simple_request.py 277][INFO]: Response status code: 200
[2026-07-14 11:34:46,540][simple_request.py 253][INFO]: method:get,url:https://ax-api.pertest.tech/admin/virtual-card/card-fee?page=1&take=10&identifier_id=9498570428
[2026-07-14 11:34:46,902][simple_request.py 273][INFO]: Response status code: 200
[2026-07-14 11:34:46,903][simple_request.py 277][INFO]: Response status code: 200
[2026-07-14 11:34:52,924][simple_request.py 253][INFO]: method:get,url:https://ax-api.pertest.tech/web/virtual-card/photon-card-detail/XR2072867363351552000
[2026-07-14 11:34:54,329][simple_request.py 273][INFO]: Response status code: 200
[2026-07-14 11:34:54,329][simple_request.py 277][INFO]: Response status code: 200
[2026-07-14 11:35:05,330][simple_request.py 253][INFO]: method:get,url:https://ax-api.pertest.tech/web/virtual-card/photon-card-detail/XR2072867363351552000
[2026-07-14 11:35:08,217][simple_request.py 273][INFO]: Response status code: 200
[2026-07-14 11:35:08,217][simple_request.py 277][INFO]: Response status code: 200
[2026-07-14 11:35:08,217][simple_request.py 253][INFO]: method:get,url:https://ax-api.pertest.tech/web/virtual-card/transaction-list?page=1&take=20&virtual_card_id=e754792f-d1c3-4ea1-acba-6b43cdf5fe3e&transaction_type=card_consume&transaction_sub_type=card
[2026-07-14 11:35:08,569][simple_request.py 273][INFO]: Response status code: 200
[2026-07-14 11:35:08,569][simple_request.py 277][INFO]: Response status code: 200
[2026-07-14 11:35:08,585][simple_request.py 253][INFO]: method:get,url:https://ax-api.pertest.tech/web/virtual-card/transaction-list?page=1&take=20&virtual_card_id=e754792f-d1c3-4ea1-acba-6b43cdf5fe3e&transaction_type=card_consume&transaction_sub_type=card_share_group
[2026-07-14 11:35:09,459][simple_request.py 273][INFO]: Response status code: 200
[2026-07-14 11:35:09,460][simple_request.py 277][INFO]: Response status code: 200
[2026-07-14 11:35:09,487][simple_request.py 253][INFO]: method:get,url:https://ax-api.pertest.tech/web/virtual-card/card-cvv/XR2072867363351552000
[2026-07-14 11:35:10,587][simple_request.py 273][INFO]: Response status code: 200
[2026-07-14 11:35:10,588][simple_request.py 277][INFO]: Response status code: 200
[2026-07-14 11:35:10,588][simple_request.py 253][INFO]: method:post,url:https://ax-api.pertest.tech/web/virtual-card/simulate-transaction
[2026-07-14 11:35:10,588][simple_request.py 255][INFO]: Request data: {
  "requestId": "20260714113509",
  "cardID": "XR2072867363351552000",
  "cvv": "381",
  "expirationDate": "11/28",
  "originTransactionId": "IT2076873005712138240",
  "txnCurrency": "USD",
  "txnAmount": 3,
  "txnType": "refund",
  "mcc": "1234",
  "merchantName": "Ryan",
  "merchantCountry": "HK",
  "merchantCity": "test",
  "merchantPostcode": "12345",
  "productCode": "photon-us"
}
[2026-07-14 11:35:13,305][simple_request.py 273][INFO]: Response status code: 201
[2026-07-14 11:35:13,305][simple_request.py 277][INFO]: Response status code: 201
[2026-07-14 11:35:13,305][simple_request.py 253][INFO]: method:get,url:https://ax-api.pertest.tech/admin/virtual-card/card-fee?page=1&take=10&identifier_id=9498570428
[2026-07-14 11:35:13,679][simple_request.py 273][INFO]: Response status code: 200
[2026-07-14 11:35:13,679][simple_request.py 277][INFO]: Response status code: 200
[2026-07-14 11:35:13,697][simple_request.py 253][INFO]: method:get,url:https://ax-api.pertest.tech/admin/virtual-card/card-fee?page=1&take=10&identifier_id=9498570428
[2026-07-14 11:35:14,118][simple_request.py 273][INFO]: Response status code: 200
[2026-07-14 11:35:14,119][simple_request.py 277][INFO]: Response status code: 200
[2026-07-14 11:35:20,138][simple_request.py 253][INFO]: method:get,url:https://ax-api.pertest.tech/web/virtual-card/photon-card-detail/XR2072867363351552000
[2026-07-14 11:35:21,259][simple_request.py 273][INFO]: Response status code: 200
[2026-07-14 11:35:21,259][simple_request.py 277][INFO]: Response status code: 200
[2026-07-14 11:36:31,657][execute.py 53][DEBUG]: Environment switched to: test (config: TEST_CONFIG)
[2026-07-14 11:36:31,657][execute.py 107][INFO]: ---环境自动初始化---执行的是test环境
[2026-07-14 11:36:32,081][simple_request.py 253][INFO]: method:get,url:https://ax-api.pertest.tech/admin/virtual-card/get-all-cards?page=1&take=200
[2026-07-14 11:36:34,844][simple_request.py 273][INFO]: Response status code: 200
[2026-07-14 11:36:34,844][simple_request.py 277][INFO]: Response status code: 200
[2026-07-14 11:36:40,854][simple_request.py 253][INFO]: method:get,url:https://ax-api.pertest.tech/web/virtual-card/photon-card-detail/XR2072867363351552000
[2026-07-14 11:36:44,152][simple_request.py 273][INFO]: Response status code: 200
[2026-07-14 11:36:44,152][simple_request.py 277][INFO]: Response status code: 200
[2026-07-14 11:36:44,152][simple_request.py 253][INFO]: method:get,url:https://ax-api.pertest.tech/web/virtual-card/card-cvv/XR2072867363351552000
[2026-07-14 11:36:45,330][simple_request.py 273][INFO]: Response status code: 200
[2026-07-14 11:36:45,330][simple_request.py 277][INFO]: Response status code: 200
[2026-07-14 11:36:45,330][simple_request.py 253][INFO]: method:post,url:https://ax-api.pertest.tech/web/virtual-card/simulate-transaction
[2026-07-14 11:36:45,330][simple_request.py 255][INFO]: Request data: {
  "requestId": "20260714113644",
  "cardID": "XR2072867363351552000",
  "cvv": "381",
  "expirationDate": "11/28",
  "originTransactionId": "",
  "txnCurrency": "USD",
  "txnAmount": 3,
  "txnType": "auth",
  "mcc": "1234",
  "merchantName": "Ryan",
  "merchantCountry": "US",
  "merchantCity": "test",
  "merchantPostcode": "12345",
  "productCode": "photon-us"
}
[2026-07-14 11:36:47,482][simple_request.py 273][INFO]: Response status code: 201
[2026-07-14 11:36:47,483][simple_request.py 277][INFO]: Response status code: 201
[2026-07-14 11:36:47,483][simple_request.py 253][INFO]: method:get,url:https://ax-api.pertest.tech/admin/virtual-card/card-fee?page=1&take=10&identifier_id=9498570428
[2026-07-14 11:36:48,171][simple_request.py 273][INFO]: Response status code: 200
[2026-07-14 11:36:48,171][simple_request.py 277][INFO]: Response status code: 200
[2026-07-14 11:36:48,190][simple_request.py 253][INFO]: method:get,url:https://ax-api.pertest.tech/admin/virtual-card/card-fee?page=1&take=10&identifier_id=9498570428
[2026-07-14 11:36:48,562][simple_request.py 273][INFO]: Response status code: 200
[2026-07-14 11:36:48,562][simple_request.py 277][INFO]: Response status code: 200
[2026-07-14 11:36:54,584][simple_request.py 253][INFO]: method:get,url:https://ax-api.pertest.tech/web/virtual-card/photon-card-detail/XR2072867363351552000
[2026-07-14 11:36:55,813][simple_request.py 273][INFO]: Response status code: 200
[2026-07-14 11:36:55,814][simple_request.py 277][INFO]: Response status code: 200
[2026-07-14 11:37:06,818][simple_request.py 253][INFO]: method:get,url:https://ax-api.pertest.tech/web/virtual-card/photon-card-detail/XR2072867363351552000
[2026-07-14 11:37:08,015][simple_request.py 273][INFO]: Response status code: 200
[2026-07-14 11:37:08,015][simple_request.py 277][INFO]: Response status code: 200
[2026-07-14 11:37:08,015][simple_request.py 253][INFO]: method:get,url:https://ax-api.pertest.tech/web/virtual-card/transaction-list?page=1&take=20&virtual_card_id=e754792f-d1c3-4ea1-acba-6b43cdf5fe3e&transaction_type=card_consume&transaction_sub_type=card
[2026-07-14 11:37:09,456][simple_request.py 273][INFO]: Response status code: 200
[2026-07-14 11:37:09,456][simple_request.py 277][INFO]: Response status code: 200
[2026-07-14 11:37:09,473][simple_request.py 253][INFO]: method:get,url:https://ax-api.pertest.tech/web/virtual-card/transaction-list?page=1&take=20&virtual_card_id=e754792f-d1c3-4ea1-acba-6b43cdf5fe3e&transaction_type=card_consume&transaction_sub_type=card_share_group
[2026-07-14 11:37:10,391][simple_request.py 273][INFO]: Response status code: 200
[2026-07-14 11:37:10,391][simple_request.py 277][INFO]: Response status code: 200
[2026-07-14 11:37:10,409][simple_request.py 253][INFO]: method:get,url:https://ax-api.pertest.tech/web/virtual-card/card-cvv/XR2072867363351552000
[2026-07-14 11:37:11,564][simple_request.py 273][INFO]: Response status code: 200
[2026-07-14 11:37:11,564][simple_request.py 277][INFO]: Response status code: 200
[2026-07-14 11:37:11,565][simple_request.py 253][INFO]: method:post,url:https://ax-api.pertest.tech/web/virtual-card/simulate-transaction
[2026-07-14 11:37:11,565][simple_request.py 255][INFO]: Request data: {
  "requestId": "20260714113710",
  "cardID": "XR2072867363351552000",
  "cvv": "381",
  "expirationDate": "11/28",
  "originTransactionId": "IT2076873513164201984",
  "txnCurrency": "USD",
  "txnAmount": 3,
  "txnType": "void",
  "mcc": "1234",
  "merchantName": "Ryan",
  "merchantCountry": "US",
  "merchantCity": "test",
  "merchantPostcode": "12345",
  "productCode": "photon-us"
}
[2026-07-14 11:37:13,826][simple_request.py 273][INFO]: Response status code: 201
[2026-07-14 11:37:13,826][simple_request.py 277][INFO]: Response status code: 201
[2026-07-14 11:37:13,826][simple_request.py 253][INFO]: method:get,url:https://ax-api.pertest.tech/admin/virtual-card/card-fee?page=1&take=10&identifier_id=9498570428
[2026-07-14 11:37:14,192][simple_request.py 273][INFO]: Response status code: 200
[2026-07-14 11:37:14,192][simple_request.py 277][INFO]: Response status code: 200
[2026-07-14 11:37:14,210][simple_request.py 253][INFO]: method:get,url:https://ax-api.pertest.tech/admin/virtual-card/card-fee?page=1&take=10&identifier_id=9498570428
[2026-07-14 11:37:14,564][simple_request.py 273][INFO]: Response status code: 200
[2026-07-14 11:37:14,564][simple_request.py 277][INFO]: Response status code: 200
[2026-07-14 11:37:20,587][simple_request.py 253][INFO]: method:get,url:https://ax-api.pertest.tech/web/virtual-card/photon-card-detail/XR2072867363351552000
[2026-07-14 11:37:21,785][simple_request.py 273][INFO]: Response status code: 200
[2026-07-14 11:37:21,786][simple_request.py 277][INFO]: Response status code: 200
[2026-07-14 14:58:45,964][execute.py 53][DEBUG]: Environment switched to: test (config: TEST_CONFIG)
[2026-07-14 14:58:45,964][execute.py 107][INFO]: ---环境自动初始化---执行的是test环境
[2026-07-14 14:58:45,964][execute.py 53][DEBUG]: Environment switched to: test (config: TEST_CONFIG)
[2026-07-14 14:58:45,964][execute.py 87][INFO]: ---测试开始---执行的是test环境
[2026-07-14 14:58:46,959][simple_request.py 253][INFO]: method:POST,url:https://ax-api.pertest.tech/web/user/login
[2026-07-14 14:58:46,959][simple_request.py 255][INFO]: Request data: {
  "loginMethod": "email",
  "password": "53bfef360f0c4e9d70cc1e6b262e24f1",
  "email": "rayn.zhou@alloyx.com",
  "laissezPasser": false,
  "language": "zh_CN"
}
[2026-07-14 14:58:50,294][simple_request.py 273][INFO]: Response status code: 201
[2026-07-14 14:58:50,294][simple_request.py 277][INFO]: Response status code: 201
[2026-07-14 14:58:50,295][read_and_save_tool.py 88][INFO]: 配置已保存到文件: /Users/alloyx/Desktop/alloxy_interface_test/common/config.ini
[2026-07-14 14:58:50,301][simple_request.py 253][INFO]: method:POST,url:https://ax-api.pertest.tech/web/user/login
[2026-07-14 14:58:50,301][simple_request.py 255][INFO]: Request data: {
  "loginMethod": "email",
  "password": "53bfef360f0c4e9d70cc1e6b262e24f1",
  "email": "670246852@qq.com",
  "laissezPasser": false,
  "language": "zh_CN"
}
[2026-07-14 14:58:52,128][simple_request.py 273][INFO]: Response status code: 201
[2026-07-14 14:58:52,128][simple_request.py 277][INFO]: Response status code: 201
[2026-07-14 14:58:52,129][read_and_save_tool.py 88][INFO]: 配置已保存到文件: /Users/alloyx/Desktop/alloxy_interface_test/common/config.ini
[2026-07-14 15:00:15,752][execute.py 53][DEBUG]: Environment switched to: test (config: TEST_CONFIG)
[2026-07-14 15:00:15,752][execute.py 107][INFO]: ---环境自动初始化---执行的是test环境
[2026-07-14 15:00:16,121][simple_request.py 253][INFO]: method:get,url:https://ax-api.pertest.tech/admin/virtual-card/get-all-cards?page=1&take=200
[2026-07-14 15:00:19,200][simple_request.py 273][INFO]: Response status code: 200
[2026-07-14 15:00:19,201][simple_request.py 277][INFO]: Response status code: 200
[2026-07-14 15:00:25,209][simple_request.py 253][INFO]: method:get,url:https://ax-api.pertest.tech/web/virtual-card/photon-card-detail/XR2076922418170028032
[2026-07-14 15:00:28,290][simple_request.py 273][INFO]: Response status code: 200
[2026-07-14 15:00:28,291][simple_request.py 277][INFO]: Response status code: 200
[2026-07-14 15:00:28,291][simple_request.py 253][INFO]: method:get,url:https://ax-api.pertest.tech/web/virtual-card/card-cvv/XR2076922418170028032
[2026-07-14 15:00:30,142][simple_request.py 273][INFO]: Response status code: 200
[2026-07-14 15:00:30,142][simple_request.py 277][INFO]: Response status code: 200
[2026-07-14 15:00:30,142][simple_request.py 253][INFO]: method:post,url:https://ax-api.pertest.tech/web/virtual-card/simulate-transaction
[2026-07-14 15:00:30,142][simple_request.py 255][INFO]: Request data: {
  "requestId": "20260714150028",
  "cardID": "XR2076922418170028032",
  "cvv": "992",
  "expirationDate": "07/28",
  "originTransactionId": "",
  "txnCurrency": "USD",
  "txnAmount": 3,
  "txnType": "auth",
  "mcc": "1234",
  "merchantName": "Ryan",
  "merchantCountry": "US",
  "merchantCity": "test",
  "merchantPostcode": "12345",
  "productCode": "photon-us"
}
[2026-07-14 15:00:33,898][simple_request.py 273][INFO]: Response status code: 201
[2026-07-14 15:00:33,898][simple_request.py 277][INFO]: Response status code: 201
[2026-07-14 15:00:33,898][simple_request.py 253][INFO]: method:get,url:https://ax-api.pertest.tech/admin/virtual-card/card-fee?page=1&take=10&identifier_id=9498570428
[2026-07-14 15:00:34,331][simple_request.py 273][INFO]: Response status code: 200
[2026-07-14 15:00:34,331][simple_request.py 277][INFO]: Response status code: 200
[2026-07-14 15:00:34,351][simple_request.py 253][INFO]: method:get,url:https://ax-api.pertest.tech/admin/virtual-card/card-fee?page=1&take=10&identifier_id=9498570428
[2026-07-14 15:00:34,698][simple_request.py 273][INFO]: Response status code: 200
[2026-07-14 15:00:34,698][simple_request.py 277][INFO]: Response status code: 200
[2026-07-14 15:00:40,720][simple_request.py 253][INFO]: method:get,url:https://ax-api.pertest.tech/web/virtual-card/photon-card-detail/XR2076922418170028032
[2026-07-14 15:00:41,847][simple_request.py 273][INFO]: Response status code: 200
[2026-07-14 15:00:41,847][simple_request.py 277][INFO]: Response status code: 200
[2026-07-14 15:00:52,851][simple_request.py 253][INFO]: method:get,url:https://ax-api.pertest.tech/web/virtual-card/photon-card-detail/XR2076922418170028032
[2026-07-14 15:00:54,784][simple_request.py 273][INFO]: Response status code: 200
[2026-07-14 15:00:54,784][simple_request.py 277][INFO]: Response status code: 200
[2026-07-14 15:00:54,784][simple_request.py 253][INFO]: method:get,url:https://ax-api.pertest.tech/web/virtual-card/transaction-list?page=1&take=20&virtual_card_id=2d22463e-f5b5-452f-8d1c-c4f12dbd8b94&transaction_type=card_consume&transaction_sub_type=card
[2026-07-14 15:00:55,189][simple_request.py 273][INFO]: Response status code: 200
[2026-07-14 15:00:55,189][simple_request.py 277][INFO]: Response status code: 200
[2026-07-14 15:00:55,206][simple_request.py 253][INFO]: method:get,url:https://ax-api.pertest.tech/web/virtual-card/transaction-list?page=1&take=20&virtual_card_id=2d22463e-f5b5-452f-8d1c-c4f12dbd8b94&transaction_type=card_consume&transaction_sub_type=card_share_group
[2026-07-14 15:00:55,831][simple_request.py 273][INFO]: Response status code: 200
[2026-07-14 15:00:55,831][simple_request.py 277][INFO]: Response status code: 200
[2026-07-14 15:00:55,849][simple_request.py 253][INFO]: method:get,url:https://ax-api.pertest.tech/web/virtual-card/card-cvv/XR2076922418170028032
[2026-07-14 15:00:56,961][simple_request.py 273][INFO]: Response status code: 200
[2026-07-14 15:00:56,962][simple_request.py 277][INFO]: Response status code: 200
[2026-07-14 15:00:56,962][simple_request.py 253][INFO]: method:post,url:https://ax-api.pertest.tech/web/virtual-card/simulate-transaction
[2026-07-14 15:00:56,962][simple_request.py 255][INFO]: Request data: {
  "requestId": "20260714150055",
  "cardID": "XR2076922418170028032",
  "cvv": "992",
  "expirationDate": "07/28",
  "originTransactionId": "IT2076924791231733760",
  "txnCurrency": "USD",
  "txnAmount": 3,
  "txnType": "void",
  "mcc": "1234",
  "merchantName": "Ryan",
  "merchantCountry": "US",
  "merchantCity": "test",
  "merchantPostcode": "12345",
  "productCode": "photon-us"
}
[2026-07-14 15:00:58,628][simple_request.py 273][INFO]: Response status code: 201
[2026-07-14 15:00:58,628][simple_request.py 277][INFO]: Response status code: 201
[2026-07-14 15:00:58,628][simple_request.py 253][INFO]: method:get,url:https://ax-api.pertest.tech/admin/virtual-card/card-fee?page=1&take=10&identifier_id=9498570428
[2026-07-14 15:00:58,986][simple_request.py 273][INFO]: Response status code: 200
[2026-07-14 15:00:58,986][simple_request.py 277][INFO]: Response status code: 200
[2026-07-14 15:00:59,003][simple_request.py 253][INFO]: method:get,url:https://ax-api.pertest.tech/admin/virtual-card/card-fee?page=1&take=10&identifier_id=9498570428
[2026-07-14 15:00:59,351][simple_request.py 273][INFO]: Response status code: 200
[2026-07-14 15:00:59,351][simple_request.py 277][INFO]: Response status code: 200
[2026-07-14 15:01:05,372][simple_request.py 253][INFO]: method:get,url:https://ax-api.pertest.tech/web/virtual-card/photon-card-detail/XR2076922418170028032
[2026-07-14 15:01:06,483][simple_request.py 273][INFO]: Response status code: 200
[2026-07-14 15:01:06,483][simple_request.py 277][INFO]: Response status code: 200
[2026-07-14 15:02:53,930][execute.py 53][DEBUG]: Environment switched to: test (config: TEST_CONFIG)
[2026-07-14 15:02:53,930][execute.py 107][INFO]: ---环境自动初始化---执行的是test环境
[2026-07-14 15:02:54,302][simple_request.py 253][INFO]: method:get,url:https://ax-api.pertest.tech/admin/virtual-card/get-all-cards?page=1&take=200
[2026-07-14 15:02:57,987][simple_request.py 273][INFO]: Response status code: 200
[2026-07-14 15:02:57,987][simple_request.py 277][INFO]: Response status code: 200
[2026-07-14 15:03:03,999][simple_request.py 253][INFO]: method:get,url:https://ax-api.pertest.tech/web/virtual-card/photon-card-detail/XR2076922418170028032
[2026-07-14 15:03:06,752][simple_request.py 273][INFO]: Response status code: 200
[2026-07-14 15:03:06,752][simple_request.py 277][INFO]: Response status code: 200
[2026-07-14 15:03:06,752][simple_request.py 253][INFO]: method:get,url:https://ax-api.pertest.tech/web/virtual-card/card-cvv/XR2076922418170028032
[2026-07-14 15:03:08,645][simple_request.py 273][INFO]: Response status code: 200
[2026-07-14 15:03:08,646][simple_request.py 277][INFO]: Response status code: 200
[2026-07-14 15:03:08,646][simple_request.py 253][INFO]: method:post,url:https://ax-api.pertest.tech/web/virtual-card/simulate-transaction
[2026-07-14 15:03:08,646][simple_request.py 255][INFO]: Request data: {
  "requestId": "20260714150306",
  "cardID": "XR2076922418170028032",
  "cvv": "992",
  "expirationDate": "07/28",
  "originTransactionId": "",
  "txnCurrency": "USD",
  "txnAmount": 3,
  "txnType": "auth",
  "mcc": "1234",
  "merchantName": "Ryan",
  "merchantCountry": "US",
  "merchantCity": "test",
  "merchantPostcode": "12345",
  "productCode": "photon-us"
}
[2026-07-14 15:03:14,075][simple_request.py 273][INFO]: Response status code: 201
[2026-07-14 15:03:14,075][simple_request.py 277][INFO]: Response status code: 201
[2026-07-14 15:03:14,075][simple_request.py 253][INFO]: method:get,url:https://ax-api.pertest.tech/admin/virtual-card/card-fee?page=1&take=10&identifier_id=9498570428
[2026-07-14 15:03:15,290][simple_request.py 273][INFO]: Response status code: 200
[2026-07-14 15:03:15,290][simple_request.py 277][INFO]: Response status code: 200
[2026-07-14 15:03:15,309][simple_request.py 253][INFO]: method:get,url:https://ax-api.pertest.tech/admin/virtual-card/card-fee?page=1&take=10&identifier_id=9498570428
[2026-07-14 15:03:15,633][simple_request.py 273][INFO]: Response status code: 200
[2026-07-14 15:03:15,634][simple_request.py 277][INFO]: Response status code: 200
[2026-07-14 15:03:21,646][simple_request.py 253][INFO]: method:get,url:https://ax-api.pertest.tech/web/virtual-card/photon-card-detail/XR2076922418170028032
[2026-07-14 15:03:22,966][simple_request.py 273][INFO]: Response status code: 200
[2026-07-14 15:03:22,966][simple_request.py 277][INFO]: Response status code: 200
[2026-07-14 15:03:33,970][simple_request.py 253][INFO]: method:get,url:https://ax-api.pertest.tech/web/virtual-card/photon-card-detail/XR2076922418170028032
[2026-07-14 15:03:36,306][simple_request.py 273][INFO]: Response status code: 200
[2026-07-14 15:03:36,307][simple_request.py 277][INFO]: Response status code: 200
[2026-07-14 15:03:36,307][simple_request.py 253][INFO]: method:get,url:https://ax-api.pertest.tech/web/virtual-card/transaction-list?page=1&take=20&virtual_card_id=2d22463e-f5b5-452f-8d1c-c4f12dbd8b94&transaction_type=card_consume&transaction_sub_type=card
[2026-07-14 15:03:36,848][simple_request.py 273][INFO]: Response status code: 200
[2026-07-14 15:03:36,848][simple_request.py 277][INFO]: Response status code: 200
[2026-07-14 15:03:36,867][simple_request.py 253][INFO]: method:get,url:https://ax-api.pertest.tech/web/virtual-card/transaction-list?page=1&take=20&virtual_card_id=2d22463e-f5b5-452f-8d1c-c4f12dbd8b94&transaction_type=card_consume&transaction_sub_type=card_share_group
[2026-07-14 15:03:38,089][simple_request.py 273][INFO]: Response status code: 200
[2026-07-14 15:03:38,089][simple_request.py 277][INFO]: Response status code: 200
[2026-07-14 15:03:38,105][simple_request.py 253][INFO]: method:get,url:https://ax-api.pertest.tech/web/virtual-card/card-cvv/XR2076922418170028032
[2026-07-14 15:03:40,170][simple_request.py 273][INFO]: Response status code: 200
[2026-07-14 15:03:40,171][simple_request.py 277][INFO]: Response status code: 200
[2026-07-14 15:03:40,171][simple_request.py 253][INFO]: method:post,url:https://ax-api.pertest.tech/web/virtual-card/simulate-transaction
[2026-07-14 15:03:40,171][simple_request.py 255][INFO]: Request data: {
  "requestId": "20260714150338",
  "cardID": "XR2076922418170028032",
  "cvv": "992",
  "expirationDate": "07/28",
  "originTransactionId": "IT2076925455563350016",
  "txnCurrency": "USD",
  "txnAmount": 3,
  "txnType": "refund",
  "mcc": "1234",
  "merchantName": "Ryan",
  "merchantCountry": "US",
  "merchantCity": "test",
  "merchantPostcode": "12345",
  "productCode": "photon-us"
}
[2026-07-14 15:03:42,566][simple_request.py 273][INFO]: Response status code: 201
[2026-07-14 15:03:42,567][simple_request.py 277][INFO]: Response status code: 201
[2026-07-14 15:03:42,567][simple_request.py 253][INFO]: method:get,url:https://ax-api.pertest.tech/admin/virtual-card/card-fee?page=1&take=10&identifier_id=9498570428
[2026-07-14 15:03:43,477][simple_request.py 273][INFO]: Response status code: 200
[2026-07-14 15:03:43,477][simple_request.py 277][INFO]: Response status code: 200
[2026-07-14 15:03:43,494][simple_request.py 253][INFO]: method:get,url:https://ax-api.pertest.tech/admin/virtual-card/card-fee?page=1&take=10&identifier_id=9498570428
[2026-07-14 15:03:43,826][simple_request.py 273][INFO]: Response status code: 200
[2026-07-14 15:03:43,826][simple_request.py 277][INFO]: Response status code: 200
[2026-07-14 15:03:49,840][simple_request.py 253][INFO]: method:get,url:https://ax-api.pertest.tech/web/virtual-card/photon-card-detail/XR2076922418170028032
[2026-07-14 15:03:51,473][simple_request.py 273][INFO]: Response status code: 200
[2026-07-14 15:03:51,474][simple_request.py 277][INFO]: Response status code: 200
[2026-07-14 15:05:26,882][execute.py 53][DEBUG]: Environment switched to: test (config: TEST_CONFIG)
[2026-07-14 15:05:26,882][execute.py 107][INFO]: ---环境自动初始化---执行的是test环境
[2026-07-14 15:05:27,263][simple_request.py 253][INFO]: method:get,url:https://ax-api.pertest.tech/admin/virtual-card/get-all-cards?page=1&take=200
[2026-07-14 15:05:32,243][simple_request.py 273][INFO]: Response status code: 200
[2026-07-14 15:05:32,244][simple_request.py 277][INFO]: Response status code: 200
[2026-07-14 15:05:38,251][simple_request.py 253][INFO]: method:get,url:https://ax-api.pertest.tech/web/virtual-card/photon-card-detail/XR2076922418170028032
[2026-07-14 15:05:40,377][simple_request.py 273][INFO]: Response status code: 200
[2026-07-14 15:05:40,377][simple_request.py 277][INFO]: Response status code: 200
[2026-07-14 15:05:40,377][simple_request.py 253][INFO]: method:get,url:https://ax-api.pertest.tech/web/virtual-card/card-cvv/XR2076922418170028032
[2026-07-14 15:05:41,674][simple_request.py 273][INFO]: Response status code: 200
[2026-07-14 15:05:41,674][simple_request.py 277][INFO]: Response status code: 200
[2026-07-14 15:05:41,675][simple_request.py 253][INFO]: method:post,url:https://ax-api.pertest.tech/web/virtual-card/simulate-transaction
[2026-07-14 15:05:41,675][simple_request.py 255][INFO]: Request data: {
  "requestId": "20260714150540",
  "cardID": "XR2076922418170028032",
  "cvv": "992",
  "expirationDate": "07/28",
  "originTransactionId": "",
  "txnCurrency": "USD",
  "txnAmount": 5,
  "txnType": "auth",
  "mcc": "1234",
  "merchantName": "Ryan",
  "merchantCountry": "US",
  "merchantCity": "test",
  "merchantPostcode": "12345",
  "productCode": "photon-us"
}
[2026-07-14 15:05:44,521][simple_request.py 273][INFO]: Response status code: 201
[2026-07-14 15:05:44,521][simple_request.py 277][INFO]: Response status code: 201
[2026-07-14 15:05:44,521][simple_request.py 253][INFO]: method:get,url:https://ax-api.pertest.tech/admin/virtual-card/card-fee?page=1&take=10&identifier_id=9498570428
[2026-07-14 15:05:45,027][simple_request.py 273][INFO]: Response status code: 200
[2026-07-14 15:05:45,028][simple_request.py 277][INFO]: Response status code: 200
[2026-07-14 15:05:45,047][simple_request.py 253][INFO]: method:get,url:https://ax-api.pertest.tech/admin/virtual-card/card-fee?page=1&take=10&identifier_id=9498570428
[2026-07-14 15:05:45,546][simple_request.py 273][INFO]: Response status code: 200
[2026-07-14 15:05:45,546][simple_request.py 277][INFO]: Response status code: 200
[2026-07-14 15:05:51,566][simple_request.py 253][INFO]: method:get,url:https://ax-api.pertest.tech/web/virtual-card/photon-card-detail/XR2076922418170028032
[2026-07-14 15:05:53,205][simple_request.py 273][INFO]: Response status code: 200
[2026-07-14 15:05:53,205][simple_request.py 277][INFO]: Response status code: 200
[2026-07-14 15:06:25,075][execute.py 53][DEBUG]: Environment switched to: test (config: TEST_CONFIG)
[2026-07-14 15:06:25,075][execute.py 107][INFO]: ---环境自动初始化---执行的是test环境
[2026-07-14 15:06:25,461][simple_request.py 253][INFO]: method:get,url:https://ax-api.pertest.tech/admin/virtual-card/get-all-cards?page=1&take=200
[2026-07-14 15:06:29,136][simple_request.py 273][INFO]: Response status code: 200
[2026-07-14 15:06:29,136][simple_request.py 277][INFO]: Response status code: 200
[2026-07-14 15:06:35,147][simple_request.py 253][INFO]: method:get,url:https://ax-api.pertest.tech/web/virtual-card/photon-card-detail/XR2076922418170028032
[2026-07-14 15:06:37,269][simple_request.py 273][INFO]: Response status code: 200
[2026-07-14 15:06:37,269][simple_request.py 277][INFO]: Response status code: 200
[2026-07-14 15:06:37,270][simple_request.py 253][INFO]: method:get,url:https://ax-api.pertest.tech/web/virtual-card/card-cvv/XR2076922418170028032
[2026-07-14 15:06:38,903][simple_request.py 273][INFO]: Response status code: 200
[2026-07-14 15:06:38,903][simple_request.py 277][INFO]: Response status code: 200
[2026-07-14 15:06:38,903][simple_request.py 253][INFO]: method:post,url:https://ax-api.pertest.tech/web/virtual-card/simulate-transaction
[2026-07-14 15:06:38,904][simple_request.py 255][INFO]: Request data: {
  "requestId": "20260714150637",
  "cardID": "XR2076922418170028032",
  "cvv": "992",
  "expirationDate": "07/28",
  "originTransactionId": "",
  "txnCurrency": "USD",
  "txnAmount": 6,
  "txnType": "auth",
  "mcc": "1234",
  "merchantName": "Ryan",
  "merchantCountry": "US",
  "merchantCity": "test",
  "merchantPostcode": "12345",
  "productCode": "photon-us"
}
[2026-07-14 15:06:41,363][simple_request.py 273][INFO]: Response status code: 201
[2026-07-14 15:06:41,364][simple_request.py 277][INFO]: Response status code: 201
[2026-07-14 15:06:41,364][simple_request.py 253][INFO]: method:get,url:https://ax-api.pertest.tech/admin/virtual-card/card-fee?page=1&take=10&identifier_id=9498570428
[2026-07-14 15:06:41,872][simple_request.py 273][INFO]: Response status code: 200
[2026-07-14 15:06:41,872][simple_request.py 277][INFO]: Response status code: 200
[2026-07-14 15:06:41,884][simple_request.py 253][INFO]: method:get,url:https://ax-api.pertest.tech/admin/virtual-card/card-fee?page=1&take=10&identifier_id=9498570428
[2026-07-14 15:06:42,421][simple_request.py 273][INFO]: Response status code: 200
[2026-07-14 15:06:42,421][simple_request.py 277][INFO]: Response status code: 200
[2026-07-14 15:06:48,439][simple_request.py 253][INFO]: method:get,url:https://ax-api.pertest.tech/web/virtual-card/photon-card-detail/XR2076922418170028032
[2026-07-14 15:06:49,762][simple_request.py 273][INFO]: Response status code: 200
[2026-07-14 15:06:49,762][simple_request.py 277][INFO]: Response status code: 200
[2026-07-14 15:07:30,911][execute.py 53][DEBUG]: Environment switched to: test (config: TEST_CONFIG)
[2026-07-14 15:07:30,911][execute.py 107][INFO]: ---环境自动初始化---执行的是test环境
[2026-07-14 15:07:31,357][simple_request.py 253][INFO]: method:get,url:https://ax-api.pertest.tech/admin/virtual-card/get-all-cards?page=1&take=200
[2026-07-14 15:07:35,083][simple_request.py 273][INFO]: Response status code: 200
[2026-07-14 15:07:35,083][simple_request.py 277][INFO]: Response status code: 200
[2026-07-14 15:07:41,090][simple_request.py 253][INFO]: method:get,url:https://ax-api.pertest.tech/web/virtual-card/photon-card-detail/XR2076922418170028032
[2026-07-14 15:07:44,644][simple_request.py 273][INFO]: Response status code: 200
[2026-07-14 15:07:44,644][simple_request.py 277][INFO]: Response status code: 200
[2026-07-14 15:07:44,644][simple_request.py 253][INFO]: method:get,url:https://ax-api.pertest.tech/web/virtual-card/card-cvv/XR2076922418170028032
[2026-07-14 15:07:46,024][simple_request.py 273][INFO]: Response status code: 200
[2026-07-14 15:07:46,025][simple_request.py 277][INFO]: Response status code: 200
[2026-07-14 15:07:46,025][simple_request.py 253][INFO]: method:post,url:https://ax-api.pertest.tech/web/virtual-card/simulate-transaction
[2026-07-14 15:07:46,025][simple_request.py 255][INFO]: Request data: {
  "requestId": "20260714150744",
  "cardID": "XR2076922418170028032",
  "cvv": "992",
  "expirationDate": "07/28",
  "originTransactionId": "",
  "txnCurrency": "USD",
  "txnAmount": 6,
  "txnType": "auth",
  "mcc": "1234",
  "merchantName": "Ryan",
  "merchantCountry": "US",
  "merchantCity": "test",
  "merchantPostcode": "12345",
  "productCode": "photon-us"
}
[2026-07-14 15:07:48,851][simple_request.py 273][INFO]: Response status code: 201
[2026-07-14 15:07:48,851][simple_request.py 277][INFO]: Response status code: 201
[2026-07-14 15:07:48,852][simple_request.py 253][INFO]: method:get,url:https://ax-api.pertest.tech/admin/virtual-card/card-fee?page=1&take=10&identifier_id=9498570428
[2026-07-14 15:07:49,350][simple_request.py 273][INFO]: Response status code: 200
[2026-07-14 15:07:49,350][simple_request.py 277][INFO]: Response status code: 200
[2026-07-14 15:07:49,371][simple_request.py 253][INFO]: method:get,url:https://ax-api.pertest.tech/admin/virtual-card/card-fee?page=1&take=10&identifier_id=9498570428
[2026-07-14 15:07:49,872][simple_request.py 273][INFO]: Response status code: 200
[2026-07-14 15:07:49,873][simple_request.py 277][INFO]: Response status code: 200
[2026-07-14 15:07:55,895][simple_request.py 253][INFO]: method:get,url:https://ax-api.pertest.tech/web/virtual-card/photon-card-detail/XR2076922418170028032
[2026-07-14 15:07:57,211][simple_request.py 273][INFO]: Response status code: 200
[2026-07-14 15:07:57,212][simple_request.py 277][INFO]: Response status code: 200
[2026-07-14 15:11:27,831][execute.py 53][DEBUG]: Environment switched to: test (config: TEST_CONFIG)
[2026-07-14 15:11:27,831][execute.py 107][INFO]: ---环境自动初始化---执行的是test环境
[2026-07-14 15:11:28,184][simple_request.py 253][INFO]: method:get,url:https://ax-api.pertest.tech/admin/virtual-card/get-all-cards?page=1&take=200
[2026-07-14 15:11:31,580][simple_request.py 273][INFO]: Response status code: 200
[2026-07-14 15:11:31,580][simple_request.py 277][INFO]: Response status code: 200
[2026-07-14 15:11:37,591][simple_request.py 253][INFO]: method:get,url:https://ax-api.pertest.tech/web/virtual-card/photon-card-detail/XR2076927005782302720
[2026-07-14 15:11:40,976][simple_request.py 273][INFO]: Response status code: 200
[2026-07-14 15:11:40,976][simple_request.py 277][INFO]: Response status code: 200
[2026-07-14 15:11:40,976][simple_request.py 253][INFO]: method:get,url:https://ax-api.pertest.tech/web/virtual-card/card-cvv/XR2076927005782302720
[2026-07-14 15:11:43,335][simple_request.py 273][INFO]: Response status code: 200
[2026-07-14 15:11:43,335][simple_request.py 277][INFO]: Response status code: 200
[2026-07-14 15:11:43,335][simple_request.py 253][INFO]: method:post,url:https://ax-api.pertest.tech/web/virtual-card/simulate-transaction
[2026-07-14 15:11:43,336][simple_request.py 255][INFO]: Request data: {
  "requestId": "20260714151140",
  "cardID": "XR2076927005782302720",
  "cvv": "747",
  "expirationDate": "04/29",
  "originTransactionId": "",
  "txnCurrency": "USD",
  "txnAmount": 6,
  "txnType": "auth",
  "mcc": "1234",
  "merchantName": "Ryan",
  "merchantCountry": "US",
  "merchantCity": "test",
  "merchantPostcode": "12345",
  "productCode": "photon-us"
}
[2026-07-14 15:11:46,064][simple_request.py 273][INFO]: Response status code: 201
[2026-07-14 15:11:46,064][simple_request.py 277][INFO]: Response status code: 201
[2026-07-14 15:11:46,064][simple_request.py 253][INFO]: method:get,url:https://ax-api.pertest.tech/admin/virtual-card/card-fee?page=1&take=10&identifier_id=9498570428
[2026-07-14 15:11:46,594][simple_request.py 273][INFO]: Response status code: 200
[2026-07-14 15:11:46,594][simple_request.py 277][INFO]: Response status code: 200
[2026-07-14 15:11:46,614][simple_request.py 253][INFO]: method:get,url:https://ax-api.pertest.tech/admin/virtual-card/card-fee?page=1&take=10&identifier_id=9498570428
[2026-07-14 15:11:47,148][simple_request.py 273][INFO]: Response status code: 200
[2026-07-14 15:11:47,148][simple_request.py 277][INFO]: Response status code: 200
[2026-07-14 15:11:53,167][simple_request.py 253][INFO]: method:get,url:https://ax-api.pertest.tech/web/virtual-card/photon-card-detail/XR2076927005782302720
[2026-07-14 15:11:55,143][simple_request.py 273][INFO]: Response status code: 200
[2026-07-14 15:11:55,143][simple_request.py 277][INFO]: Response status code: 200
[2026-07-14 15:12:06,154][simple_request.py 253][INFO]: method:get,url:https://ax-api.pertest.tech/web/virtual-card/photon-card-detail/XR2076927005782302720
[2026-07-14 15:12:09,451][simple_request.py 273][INFO]: Response status code: 200
[2026-07-14 15:12:09,451][simple_request.py 277][INFO]: Response status code: 200
[2026-07-14 15:12:09,452][simple_request.py 253][INFO]: method:get,url:https://ax-api.pertest.tech/web/virtual-card/transaction-list?page=1&take=20&virtual_card_id=fe0c2c6e-9837-40fd-880d-7fe3771fa09c&transaction_type=card_consume&transaction_sub_type=card
[2026-07-14 15:12:10,082][simple_request.py 273][INFO]: Response status code: 200
[2026-07-14 15:12:10,082][simple_request.py 277][INFO]: Response status code: 200
[2026-07-14 15:12:10,100][simple_request.py 253][INFO]: method:get,url:https://ax-api.pertest.tech/web/virtual-card/card-cvv/XR2076927005782302720
[2026-07-14 15:12:11,352][simple_request.py 273][INFO]: Response status code: 200
[2026-07-14 15:12:11,352][simple_request.py 277][INFO]: Response status code: 200
[2026-07-14 15:12:11,352][simple_request.py 253][INFO]: method:post,url:https://ax-api.pertest.tech/web/virtual-card/simulate-transaction
[2026-07-14 15:12:11,353][simple_request.py 255][INFO]: Request data: {
  "requestId": "20260714151210",
  "cardID": "XR2076927005782302720",
  "cvv": "747",
  "expirationDate": "04/29",
  "originTransactionId": "IT2076927613859913728",
  "txnCurrency": "USD",
  "txnAmount": 6,
  "txnType": "refund",
  "mcc": "1234",
  "merchantName": "Ryan",
  "merchantCountry": "US",
  "merchantCity": "test",
  "merchantPostcode": "12345",
  "productCode": "photon-us"
}
[2026-07-14 15:12:13,614][simple_request.py 273][INFO]: Response status code: 201
[2026-07-14 15:12:13,614][simple_request.py 277][INFO]: Response status code: 201
[2026-07-14 15:12:13,614][simple_request.py 253][INFO]: method:get,url:https://ax-api.pertest.tech/admin/virtual-card/card-fee?page=1&take=10&identifier_id=9498570428
[2026-07-14 15:12:14,810][simple_request.py 273][INFO]: Response status code: 200
[2026-07-14 15:12:14,811][simple_request.py 277][INFO]: Response status code: 200
[2026-07-14 15:12:14,829][simple_request.py 253][INFO]: method:get,url:https://ax-api.pertest.tech/admin/virtual-card/card-fee?page=1&take=10&identifier_id=9498570428
[2026-07-14 15:12:15,363][simple_request.py 273][INFO]: Response status code: 200
[2026-07-14 15:12:15,363][simple_request.py 277][INFO]: Response status code: 200
[2026-07-14 15:12:21,385][simple_request.py 253][INFO]: method:get,url:https://ax-api.pertest.tech/web/virtual-card/photon-card-detail/XR2076927005782302720
[2026-07-14 15:12:23,357][simple_request.py 273][INFO]: Response status code: 200
[2026-07-14 15:12:23,357][simple_request.py 277][INFO]: Response status code: 200
[2026-07-14 15:24:42,330][execute.py 53][DEBUG]: Environment switched to: test (config: TEST_CONFIG)
[2026-07-14 15:24:42,330][execute.py 107][INFO]: ---环境自动初始化---执行的是test环境
[2026-07-14 15:24:42,750][simple_request.py 253][INFO]: method:get,url:https://ax-api.pertest.tech/admin/virtual-card/get-all-cards?page=1&take=200
[2026-07-14 15:24:45,354][simple_request.py 273][INFO]: Response status code: 200
[2026-07-14 15:24:45,354][simple_request.py 277][INFO]: Response status code: 200
[2026-07-14 15:24:51,367][simple_request.py 253][INFO]: method:get,url:https://ax-api.pertest.tech/web/virtual-card/photon-card-detail/XR2076927005782302720
[2026-07-14 15:24:55,047][simple_request.py 273][INFO]: Response status code: 200
[2026-07-14 15:24:55,047][simple_request.py 277][INFO]: Response status code: 200
[2026-07-14 15:24:55,048][simple_request.py 253][INFO]: method:get,url:https://ax-api.pertest.tech/web/virtual-card/card-cvv/XR2076927005782302720
[2026-07-14 15:24:56,170][simple_request.py 273][INFO]: Response status code: 200
[2026-07-14 15:24:56,171][simple_request.py 277][INFO]: Response status code: 200
[2026-07-14 15:24:56,171][simple_request.py 253][INFO]: method:post,url:https://ax-api.pertest.tech/web/virtual-card/simulate-transaction
[2026-07-14 15:24:56,171][simple_request.py 255][INFO]: Request data: {
  "requestId": "20260714152455",
  "cardID": "XR2076927005782302720",
  "cvv": "747",
  "expirationDate": "04/29",
  "originTransactionId": "",
  "txnCurrency": "USD",
  "txnAmount": 6,
  "txnType": "auth",
  "mcc": "1234",
  "merchantName": "Ryan",
  "merchantCountry": "US",
  "merchantCity": "test",
  "merchantPostcode": "12345",
  "productCode": "photon-us"
}
[2026-07-14 15:24:58,170][simple_request.py 273][INFO]: Response status code: 201
[2026-07-14 15:24:58,171][simple_request.py 277][INFO]: Response status code: 201
[2026-07-14 15:24:58,171][simple_request.py 253][INFO]: method:get,url:https://ax-api.pertest.tech/admin/virtual-card/card-fee?page=1&take=10&identifier_id=9498570428
[2026-07-14 15:24:58,555][simple_request.py 273][INFO]: Response status code: 200
[2026-07-14 15:24:58,555][simple_request.py 277][INFO]: Response status code: 200
[2026-07-14 15:24:58,581][simple_request.py 253][INFO]: method:get,url:https://ax-api.pertest.tech/admin/virtual-card/card-fee?page=1&take=10&identifier_id=9498570428
[2026-07-14 15:24:58,958][simple_request.py 273][INFO]: Response status code: 200
[2026-07-14 15:24:58,958][simple_request.py 277][INFO]: Response status code: 200
[2026-07-14 15:25:04,967][simple_request.py 253][INFO]: method:get,url:https://ax-api.pertest.tech/web/virtual-card/photon-card-detail/XR2076927005782302720
[2026-07-14 15:25:06,904][simple_request.py 273][INFO]: Response status code: 200
[2026-07-14 15:25:06,904][simple_request.py 277][INFO]: Response status code: 200
[2026-07-14 15:25:17,914][simple_request.py 253][INFO]: method:get,url:https://ax-api.pertest.tech/web/virtual-card/photon-card-detail/XR2076927005782302720
[2026-07-14 15:25:19,765][simple_request.py 273][INFO]: Response status code: 200
[2026-07-14 15:25:19,765][simple_request.py 277][INFO]: Response status code: 200
[2026-07-14 15:25:19,766][simple_request.py 253][INFO]: method:get,url:https://ax-api.pertest.tech/web/virtual-card/transaction-list?page=1&take=20&virtual_card_id=fe0c2c6e-9837-40fd-880d-7fe3771fa09c&transaction_type=card_consume&transaction_sub_type=card
[2026-07-14 15:25:20,345][simple_request.py 273][INFO]: Response status code: 200
[2026-07-14 15:25:20,345][simple_request.py 277][INFO]: Response status code: 200
[2026-07-14 15:25:20,359][simple_request.py 253][INFO]: method:get,url:https://ax-api.pertest.tech/web/virtual-card/card-cvv/XR2076927005782302720
[2026-07-14 15:25:22,288][simple_request.py 273][INFO]: Response status code: 200
[2026-07-14 15:25:22,289][simple_request.py 277][INFO]: Response status code: 200
[2026-07-14 15:25:22,289][simple_request.py 253][INFO]: method:post,url:https://ax-api.pertest.tech/web/virtual-card/simulate-transaction
[2026-07-14 15:25:22,289][simple_request.py 255][INFO]: Request data: {
  "requestId": "20260714152520",
  "cardID": "XR2076927005782302720",
  "cvv": "747",
  "expirationDate": "04/29",
  "originTransactionId": "IT2076930935744487424",
  "txnCurrency": "USD",
  "txnAmount": 6,
  "txnType": "void",
  "mcc": "1234",
  "merchantName": "Ryan",
  "merchantCountry": "US",
  "merchantCity": "test",
  "merchantPostcode": "12345",
  "productCode": "photon-us"
}
[2026-07-14 15:25:24,101][simple_request.py 273][INFO]: Response status code: 201
[2026-07-14 15:25:24,101][simple_request.py 277][INFO]: Response status code: 201
[2026-07-14 15:25:24,101][simple_request.py 253][INFO]: method:get,url:https://ax-api.pertest.tech/admin/virtual-card/card-fee?page=1&take=10&identifier_id=9498570428
[2026-07-14 15:25:24,492][simple_request.py 273][INFO]: Response status code: 200
[2026-07-14 15:25:24,492][simple_request.py 277][INFO]: Response status code: 200
[2026-07-14 15:25:24,510][simple_request.py 253][INFO]: method:get,url:https://ax-api.pertest.tech/admin/virtual-card/card-fee?page=1&take=10&identifier_id=9498570428
[2026-07-14 15:25:25,155][simple_request.py 273][INFO]: Response status code: 200
[2026-07-14 15:25:25,155][simple_request.py 277][INFO]: Response status code: 200
[2026-07-14 15:25:31,173][simple_request.py 253][INFO]: method:get,url:https://ax-api.pertest.tech/web/virtual-card/photon-card-detail/XR2076927005782302720
[2026-07-14 15:25:33,080][simple_request.py 273][INFO]: Response status code: 200
[2026-07-14 15:25:33,081][simple_request.py 277][INFO]: Response status code: 200
[2026-07-14 15:27:25,992][execute.py 53][DEBUG]: Environment switched to: test (config: TEST_CONFIG)
[2026-07-14 15:27:25,992][execute.py 107][INFO]: ---环境自动初始化---执行的是test环境
[2026-07-14 15:27:26,411][simple_request.py 253][INFO]: method:get,url:https://ax-api.pertest.tech/admin/virtual-card/get-all-cards?page=1&take=200
[2026-07-14 15:27:29,971][simple_request.py 273][INFO]: Response status code: 200
[2026-07-14 15:27:29,971][simple_request.py 277][INFO]: Response status code: 200
[2026-07-14 15:27:35,986][simple_request.py 253][INFO]: method:get,url:https://ax-api.pertest.tech/web/virtual-card/photon-card-detail/XR2076927005782302720
[2026-07-14 15:27:39,737][simple_request.py 273][INFO]: Response status code: 200
[2026-07-14 15:27:39,738][simple_request.py 277][INFO]: Response status code: 200
[2026-07-14 15:27:39,738][simple_request.py 253][INFO]: method:get,url:https://ax-api.pertest.tech/web/virtual-card/card-cvv/XR2076927005782302720
[2026-07-14 15:27:42,112][simple_request.py 273][INFO]: Response status code: 200
[2026-07-14 15:27:42,112][simple_request.py 277][INFO]: Response status code: 200
[2026-07-14 15:27:42,112][simple_request.py 253][INFO]: method:post,url:https://ax-api.pertest.tech/web/virtual-card/simulate-transaction
[2026-07-14 15:27:42,113][simple_request.py 255][INFO]: Request data: {
  "requestId": "20260714152739",
  "cardID": "XR2076927005782302720",
  "cvv": "747",
  "expirationDate": "04/29",
  "originTransactionId": "",
  "txnCurrency": "USD",
  "txnAmount": 6,
  "txnType": "auth",
  "mcc": "1234",
  "merchantName": "Ryan",
  "merchantCountry": "US",
  "merchantCity": "test",
  "merchantPostcode": "12345",
  "productCode": "photon-us"
}
[2026-07-14 15:27:45,223][simple_request.py 273][INFO]: Response status code: 201
[2026-07-14 15:27:45,223][simple_request.py 277][INFO]: Response status code: 201
[2026-07-14 15:27:45,223][simple_request.py 253][INFO]: method:get,url:https://ax-api.pertest.tech/admin/virtual-card/card-fee?page=1&take=10&identifier_id=9498570428
[2026-07-14 15:27:45,752][simple_request.py 273][INFO]: Response status code: 200
[2026-07-14 15:27:45,752][simple_request.py 277][INFO]: Response status code: 200
[2026-07-14 15:27:45,773][simple_request.py 253][INFO]: method:get,url:https://ax-api.pertest.tech/admin/virtual-card/card-fee?page=1&take=10&identifier_id=9498570428
[2026-07-14 15:27:47,021][simple_request.py 273][INFO]: Response status code: 200
[2026-07-14 15:27:47,021][simple_request.py 277][INFO]: Response status code: 200
[2026-07-14 15:27:53,042][simple_request.py 253][INFO]: method:get,url:https://ax-api.pertest.tech/web/virtual-card/photon-card-detail/XR2076927005782302720
[2026-07-14 15:27:54,660][simple_request.py 273][INFO]: Response status code: 200
[2026-07-14 15:27:54,661][simple_request.py 277][INFO]: Response status code: 200
[2026-07-14 15:28:05,668][simple_request.py 253][INFO]: method:get,url:https://ax-api.pertest.tech/web/virtual-card/photon-card-detail/XR2076927005782302720
[2026-07-14 15:28:07,306][simple_request.py 273][INFO]: Response status code: 200
[2026-07-14 15:28:07,306][simple_request.py 277][INFO]: Response status code: 200
[2026-07-14 15:28:07,307][simple_request.py 253][INFO]: method:get,url:https://ax-api.pertest.tech/web/virtual-card/transaction-list?page=1&take=20&virtual_card_id=fe0c2c6e-9837-40fd-880d-7fe3771fa09c&transaction_type=card_consume&transaction_sub_type=card
[2026-07-14 15:28:08,849][simple_request.py 273][INFO]: Response status code: 200
[2026-07-14 15:28:08,849][simple_request.py 277][INFO]: Response status code: 200
[2026-07-14 15:28:08,868][simple_request.py 253][INFO]: method:get,url:https://ax-api.pertest.tech/web/virtual-card/card-cvv/XR2076927005782302720
[2026-07-14 15:28:11,630][simple_request.py 273][INFO]: Response status code: 200
[2026-07-14 15:28:11,630][simple_request.py 277][INFO]: Response status code: 200
[2026-07-14 15:28:11,630][simple_request.py 253][INFO]: method:post,url:https://ax-api.pertest.tech/web/virtual-card/simulate-transaction
[2026-07-14 15:28:11,630][simple_request.py 255][INFO]: Request data: {
  "requestId": "20260714152808",
  "cardID": "XR2076927005782302720",
  "cvv": "747",
  "expirationDate": "04/29",
  "originTransactionId": "IT2076931632598736896",
  "txnCurrency": "USD",
  "txnAmount": 6,
  "txnType": "void",
  "mcc": "1234",
  "merchantName": "Ryan",
  "merchantCountry": "US",
  "merchantCity": "test",
  "merchantPostcode": "12345",
  "productCode": "photon-us"
}
[2026-07-14 15:28:14,521][simple_request.py 273][INFO]: Response status code: 201
[2026-07-14 15:28:14,522][simple_request.py 277][INFO]: Response status code: 201
[2026-07-14 15:28:14,522][simple_request.py 253][INFO]: method:get,url:https://ax-api.pertest.tech/admin/virtual-card/card-fee?page=1&take=10&identifier_id=9498570428
[2026-07-14 15:28:15,060][simple_request.py 273][INFO]: Response status code: 200
[2026-07-14 15:28:15,060][simple_request.py 277][INFO]: Response status code: 200
[2026-07-14 15:28:15,079][simple_request.py 253][INFO]: method:get,url:https://ax-api.pertest.tech/admin/virtual-card/card-fee?page=1&take=10&identifier_id=9498570428
[2026-07-14 15:28:15,608][simple_request.py 273][INFO]: Response status code: 200
[2026-07-14 15:28:15,608][simple_request.py 277][INFO]: Response status code: 200
[2026-07-14 15:28:21,626][simple_request.py 253][INFO]: method:get,url:https://ax-api.pertest.tech/web/virtual-card/photon-card-detail/XR2076927005782302720
[2026-07-14 15:28:23,691][simple_request.py 273][INFO]: Response status code: 200
[2026-07-14 15:28:23,692][simple_request.py 277][INFO]: Response status code: 200
[2026-07-14 15:29:39,761][execute.py 53][DEBUG]: Environment switched to: test (config: TEST_CONFIG)
[2026-07-14 15:29:39,761][execute.py 107][INFO]: ---环境自动初始化---执行的是test环境
[2026-07-14 15:29:40,168][simple_request.py 253][INFO]: method:get,url:https://ax-api.pertest.tech/admin/virtual-card/get-all-cards?page=1&take=200
[2026-07-14 15:29:43,674][simple_request.py 273][INFO]: Response status code: 200
[2026-07-14 15:29:43,674][simple_request.py 277][INFO]: Response status code: 200
[2026-07-14 15:29:49,685][simple_request.py 253][INFO]: method:get,url:https://ax-api.pertest.tech/web/virtual-card/photon-card-detail/XR2076927005782302720
[2026-07-14 15:29:53,774][simple_request.py 273][INFO]: Response status code: 200
[2026-07-14 15:29:53,774][simple_request.py 277][INFO]: Response status code: 200
[2026-07-14 15:29:53,774][simple_request.py 253][INFO]: method:get,url:https://ax-api.pertest.tech/web/virtual-card/card-cvv/XR2076927005782302720
[2026-07-14 15:29:55,226][simple_request.py 273][INFO]: Response status code: 200
[2026-07-14 15:29:55,226][simple_request.py 277][INFO]: Response status code: 200
[2026-07-14 15:29:55,226][simple_request.py 253][INFO]: method:post,url:https://ax-api.pertest.tech/web/virtual-card/simulate-transaction
[2026-07-14 15:29:55,226][simple_request.py 255][INFO]: Request data: {
  "requestId": "20260714152953",
  "cardID": "XR2076927005782302720",
  "cvv": "747",
  "expirationDate": "04/29",
  "originTransactionId": "",
  "txnCurrency": "USD",
  "txnAmount": 6,
  "txnType": "auth",
  "mcc": "1234",
  "merchantName": "Ryan",
  "merchantCountry": "US",
  "merchantCity": "test",
  "merchantPostcode": "12345",
  "productCode": "photon-us"
}
[2026-07-14 15:29:57,558][simple_request.py 273][INFO]: Response status code: 201
[2026-07-14 15:29:57,559][simple_request.py 277][INFO]: Response status code: 201
[2026-07-14 15:29:57,560][simple_request.py 253][INFO]: method:get,url:https://ax-api.pertest.tech/admin/virtual-card/card-fee?page=1&take=10&identifier_id=9498570428
[2026-07-14 15:29:58,312][simple_request.py 273][INFO]: Response status code: 200
[2026-07-14 15:29:58,312][simple_request.py 277][INFO]: Response status code: 200
[2026-07-14 15:29:58,335][simple_request.py 253][INFO]: method:get,url:https://ax-api.pertest.tech/admin/virtual-card/card-fee?page=1&take=10&identifier_id=9498570428
[2026-07-14 15:29:58,821][simple_request.py 273][INFO]: Response status code: 200
[2026-07-14 15:29:58,822][simple_request.py 277][INFO]: Response status code: 200
[2026-07-14 15:30:04,841][simple_request.py 253][INFO]: method:get,url:https://ax-api.pertest.tech/web/virtual-card/photon-card-detail/XR2076927005782302720
[2026-07-14 15:30:07,286][simple_request.py 273][INFO]: Response status code: 200
[2026-07-14 15:30:07,286][simple_request.py 277][INFO]: Response status code: 200
[2026-07-14 15:30:18,297][simple_request.py 253][INFO]: method:get,url:https://ax-api.pertest.tech/web/virtual-card/photon-card-detail/XR2076927005782302720
[2026-07-14 15:30:19,653][simple_request.py 273][INFO]: Response status code: 200
[2026-07-14 15:30:19,653][simple_request.py 277][INFO]: Response status code: 200
[2026-07-14 15:30:19,653][simple_request.py 253][INFO]: method:get,url:https://ax-api.pertest.tech/web/virtual-card/transaction-list?page=1&take=20&virtual_card_id=fe0c2c6e-9837-40fd-880d-7fe3771fa09c&transaction_type=card_consume&transaction_sub_type=card
[2026-07-14 15:30:20,608][simple_request.py 273][INFO]: Response status code: 200
[2026-07-14 15:30:20,608][simple_request.py 277][INFO]: Response status code: 200
[2026-07-14 15:30:20,626][simple_request.py 253][INFO]: method:get,url:https://ax-api.pertest.tech/web/virtual-card/card-cvv/XR2076927005782302720
[2026-07-14 15:30:22,762][simple_request.py 273][INFO]: Response status code: 200
[2026-07-14 15:30:22,763][simple_request.py 277][INFO]: Response status code: 200
[2026-07-14 15:30:22,763][simple_request.py 253][INFO]: method:post,url:https://ax-api.pertest.tech/web/virtual-card/simulate-transaction
[2026-07-14 15:30:22,763][simple_request.py 255][INFO]: Request data: {
  "requestId": "20260714153020",
  "cardID": "XR2076927005782302720",
  "cvv": "747",
  "expirationDate": "04/29",
  "originTransactionId": "IT2076932190982234112",
  "txnCurrency": "USD",
  "txnAmount": 6,
  "txnType": "void",
  "mcc": "1234",
  "merchantName": "Ryan",
  "merchantCountry": "US",
  "merchantCity": "test",
  "merchantPostcode": "12345",
  "productCode": "photon-us"
}
[2026-07-14 15:30:24,859][simple_request.py 273][INFO]: Response status code: 201
[2026-07-14 15:30:24,859][simple_request.py 277][INFO]: Response status code: 201
[2026-07-14 15:30:24,859][simple_request.py 253][INFO]: method:get,url:https://ax-api.pertest.tech/admin/virtual-card/card-fee?page=1&take=10&identifier_id=9498570428
[2026-07-14 15:30:25,469][simple_request.py 273][INFO]: Response status code: 200
[2026-07-14 15:30:25,470][simple_request.py 277][INFO]: Response status code: 200
[2026-07-14 15:30:25,488][simple_request.py 253][INFO]: method:get,url:https://ax-api.pertest.tech/admin/virtual-card/card-fee?page=1&take=10&identifier_id=9498570428
[2026-07-14 15:30:25,985][simple_request.py 273][INFO]: Response status code: 200
[2026-07-14 15:30:25,985][simple_request.py 277][INFO]: Response status code: 200
[2026-07-14 15:30:32,007][simple_request.py 253][INFO]: method:get,url:https://ax-api.pertest.tech/web/virtual-card/photon-card-detail/XR2076927005782302720
[2026-07-14 15:30:33,338][simple_request.py 273][INFO]: Response status code: 200
[2026-07-14 15:30:33,338][simple_request.py 277][INFO]: Response status code: 200
[2026-07-14 15:53:05,002][execute.py 53][DEBUG]: Environment switched to: test (config: TEST_CONFIG)
[2026-07-14 15:53:05,002][execute.py 107][INFO]: ---环境自动初始化---执行的是test环境
[2026-07-14 15:53:05,428][simple_request.py 253][INFO]: method:get,url:https://ax-api.pertest.tech/admin/virtual-card/get-all-cards?page=1&take=200
[2026-07-14 15:53:09,007][simple_request.py 273][INFO]: Response status code: 200
[2026-07-14 15:53:09,007][simple_request.py 277][INFO]: Response status code: 200
[2026-07-14 15:53:15,015][simple_request.py 253][INFO]: method:get,url:https://ax-api.pertest.tech/web/virtual-card/photon-card-detail/XR2076927005782302720
[2026-07-14 15:53:17,657][simple_request.py 273][INFO]: Response status code: 200
[2026-07-14 15:53:17,657][simple_request.py 277][INFO]: Response status code: 200
[2026-07-14 15:53:17,658][simple_request.py 253][INFO]: method:get,url:https://ax-api.pertest.tech/web/virtual-card/card-cvv/XR2076927005782302720
[2026-07-14 15:53:18,952][simple_request.py 273][INFO]: Response status code: 200
[2026-07-14 15:53:18,953][simple_request.py 277][INFO]: Response status code: 200
[2026-07-14 15:53:18,953][simple_request.py 253][INFO]: method:post,url:https://ax-api.pertest.tech/web/virtual-card/simulate-transaction
[2026-07-14 15:53:18,953][simple_request.py 255][INFO]: Request data: {
  "requestId": "20260714155317",
  "cardID": "XR2076927005782302720",
  "cvv": "747",
  "expirationDate": "04/29",
  "originTransactionId": "",
  "txnCurrency": "USD",
  "txnAmount": 6,
  "txnType": "auth",
  "mcc": "1234",
  "merchantName": "Ryan",
  "merchantCountry": "US",
  "merchantCity": "test",
  "merchantPostcode": "12345",
  "productCode": "photon-us"
}
[2026-07-14 15:53:21,665][simple_request.py 273][INFO]: Response status code: 201
[2026-07-14 15:53:21,665][simple_request.py 277][INFO]: Response status code: 201
[2026-07-14 15:53:21,665][simple_request.py 253][INFO]: method:get,url:https://ax-api.pertest.tech/admin/virtual-card/card-fee?page=1&take=10&identifier_id=9498570428
[2026-07-14 15:53:22,183][simple_request.py 273][INFO]: Response status code: 200
[2026-07-14 15:53:22,183][simple_request.py 277][INFO]: Response status code: 200
[2026-07-14 15:53:22,205][simple_request.py 253][INFO]: method:get,url:https://ax-api.pertest.tech/admin/virtual-card/card-fee?page=1&take=10&identifier_id=9498570428
[2026-07-14 15:53:22,725][simple_request.py 273][INFO]: Response status code: 200
[2026-07-14 15:53:22,725][simple_request.py 277][INFO]: Response status code: 200
[2026-07-14 15:53:28,747][simple_request.py 253][INFO]: method:get,url:https://ax-api.pertest.tech/web/virtual-card/photon-card-detail/XR2076927005782302720
[2026-07-14 15:53:30,295][simple_request.py 273][INFO]: Response status code: 200
[2026-07-14 15:53:30,295][simple_request.py 277][INFO]: Response status code: 200
[2026-07-14 15:53:41,300][simple_request.py 253][INFO]: method:get,url:https://ax-api.pertest.tech/web/virtual-card/photon-card-detail/XR2076927005782302720
[2026-07-14 15:53:42,609][simple_request.py 273][INFO]: Response status code: 200
[2026-07-14 15:53:42,609][simple_request.py 277][INFO]: Response status code: 200
[2026-07-14 15:53:42,610][simple_request.py 253][INFO]: method:get,url:https://ax-api.pertest.tech/web/virtual-card/transaction-list?page=1&take=20&virtual_card_id=fe0c2c6e-9837-40fd-880d-7fe3771fa09c&transaction_type=card_consume&transaction_sub_type=card
[2026-07-14 15:53:43,826][simple_request.py 273][INFO]: Response status code: 200
[2026-07-14 15:53:43,826][simple_request.py 277][INFO]: Response status code: 200
[2026-07-14 15:53:43,846][simple_request.py 253][INFO]: method:get,url:https://ax-api.pertest.tech/web/virtual-card/card-cvv/XR2076927005782302720
[2026-07-14 15:53:45,145][simple_request.py 273][INFO]: Response status code: 200
[2026-07-14 15:53:45,145][simple_request.py 277][INFO]: Response status code: 200
[2026-07-14 15:53:45,145][simple_request.py 253][INFO]: method:post,url:https://ax-api.pertest.tech/web/virtual-card/simulate-transaction
[2026-07-14 15:53:45,145][simple_request.py 255][INFO]: Request data: {
  "requestId": "20260714155343",
  "cardID": "XR2076927005782302720",
  "cvv": "747",
  "expirationDate": "04/29",
  "originTransactionId": "IT2076938078551924736",
  "txnCurrency": "USD",
  "txnAmount": 6,
  "txnType": "void",
  "mcc": "1234",
  "merchantName": "Ryan",
  "merchantCountry": "US",
  "merchantCity": "test",
  "merchantPostcode": "12345",
  "productCode": "photon-us"
}
[2026-07-14 15:53:46,734][simple_request.py 273][INFO]: Response status code: 201
[2026-07-14 15:53:46,734][simple_request.py 277][INFO]: Response status code: 201
[2026-07-14 15:53:46,734][simple_request.py 253][INFO]: method:get,url:https://ax-api.pertest.tech/admin/virtual-card/card-fee?page=1&take=10&identifier_id=9498570428
[2026-07-14 15:53:47,259][simple_request.py 273][INFO]: Response status code: 200
[2026-07-14 15:53:47,260][simple_request.py 277][INFO]: Response status code: 200
[2026-07-14 15:53:47,279][simple_request.py 253][INFO]: method:get,url:https://ax-api.pertest.tech/admin/virtual-card/card-fee?page=1&take=10&identifier_id=9498570428
[2026-07-14 15:53:47,803][simple_request.py 273][INFO]: Response status code: 200
[2026-07-14 15:53:47,803][simple_request.py 277][INFO]: Response status code: 200
[2026-07-14 15:53:53,823][simple_request.py 253][INFO]: method:get,url:https://ax-api.pertest.tech/web/virtual-card/photon-card-detail/XR2076927005782302720
[2026-07-14 15:53:55,843][simple_request.py 273][INFO]: Response status code: 200
[2026-07-14 15:53:55,844][simple_request.py 277][INFO]: Response status code: 200
[2026-07-14 15:54:23,075][execute.py 53][DEBUG]: Environment switched to: test (config: TEST_CONFIG)
[2026-07-14 15:54:23,075][execute.py 107][INFO]: ---环境自动初始化---执行的是test环境
[2026-07-14 15:54:23,492][simple_request.py 253][INFO]: method:get,url:https://ax-api.pertest.tech/admin/virtual-card/get-all-cards?page=1&take=200
[2026-07-14 15:54:26,693][simple_request.py 273][INFO]: Response status code: 200
[2026-07-14 15:54:26,694][simple_request.py 277][INFO]: Response status code: 200
[2026-07-14 15:54:32,703][simple_request.py 253][INFO]: method:get,url:https://ax-api.pertest.tech/web/virtual-card/photon-card-detail/XR2076927005782302720
[2026-07-14 15:54:35,873][simple_request.py 273][INFO]: Response status code: 200
[2026-07-14 15:54:35,873][simple_request.py 277][INFO]: Response status code: 200
[2026-07-14 15:54:35,873][simple_request.py 253][INFO]: method:get,url:https://ax-api.pertest.tech/web/virtual-card/card-cvv/XR2076927005782302720
[2026-07-14 15:54:37,719][simple_request.py 273][INFO]: Response status code: 200
[2026-07-14 15:54:37,720][simple_request.py 277][INFO]: Response status code: 200
[2026-07-14 15:54:37,720][simple_request.py 253][INFO]: method:post,url:https://ax-api.pertest.tech/web/virtual-card/simulate-transaction
[2026-07-14 15:54:37,720][simple_request.py 255][INFO]: Request data: {
  "requestId": "20260714155435",
  "cardID": "XR2076927005782302720",
  "cvv": "747",
  "expirationDate": "04/29",
  "originTransactionId": "",
  "txnCurrency": "USD",
  "txnAmount": 6,
  "txnType": "auth",
  "mcc": "1234",
  "merchantName": "Ryan",
  "merchantCountry": "US",
  "merchantCity": "test",
  "merchantPostcode": "12345",
  "productCode": "photon-us"
}
[2026-07-14 15:54:40,702][simple_request.py 273][INFO]: Response status code: 201
[2026-07-14 15:54:40,702][simple_request.py 277][INFO]: Response status code: 201
[2026-07-14 15:54:40,703][simple_request.py 253][INFO]: method:get,url:https://ax-api.pertest.tech/admin/virtual-card/card-fee?page=1&take=10&identifier_id=9498570428
[2026-07-14 15:54:41,052][simple_request.py 273][INFO]: Response status code: 200
[2026-07-14 15:54:41,053][simple_request.py 277][INFO]: Response status code: 200
[2026-07-14 15:54:41,074][simple_request.py 253][INFO]: method:get,url:https://ax-api.pertest.tech/admin/virtual-card/card-fee?page=1&take=10&identifier_id=9498570428
[2026-07-14 15:54:41,407][simple_request.py 273][INFO]: Response status code: 200
[2026-07-14 15:54:41,408][simple_request.py 277][INFO]: Response status code: 200
[2026-07-14 15:54:47,429][simple_request.py 253][INFO]: method:get,url:https://ax-api.pertest.tech/web/virtual-card/photon-card-detail/XR2076927005782302720
[2026-07-14 15:54:48,642][simple_request.py 273][INFO]: Response status code: 200
[2026-07-14 15:54:48,642][simple_request.py 277][INFO]: Response status code: 200
[2026-07-14 15:54:59,646][simple_request.py 253][INFO]: method:get,url:https://ax-api.pertest.tech/web/virtual-card/photon-card-detail/XR2076927005782302720
[2026-07-14 15:55:00,817][simple_request.py 273][INFO]: Response status code: 200
[2026-07-14 15:55:00,818][simple_request.py 277][INFO]: Response status code: 200
[2026-07-14 15:55:00,818][simple_request.py 253][INFO]: method:get,url:https://ax-api.pertest.tech/web/virtual-card/transaction-list?page=1&take=20&virtual_card_id=fe0c2c6e-9837-40fd-880d-7fe3771fa09c&transaction_type=card_consume&transaction_sub_type=card
[2026-07-14 15:55:01,882][simple_request.py 273][INFO]: Response status code: 200
[2026-07-14 15:55:01,882][simple_request.py 277][INFO]: Response status code: 200
[2026-07-14 15:55:01,900][simple_request.py 253][INFO]: method:get,url:https://ax-api.pertest.tech/web/virtual-card/card-cvv/XR2076927005782302720
[2026-07-14 15:55:03,150][simple_request.py 273][INFO]: Response status code: 200
[2026-07-14 15:55:03,150][simple_request.py 277][INFO]: Response status code: 200
[2026-07-14 15:55:03,151][simple_request.py 253][INFO]: method:post,url:https://ax-api.pertest.tech/web/virtual-card/simulate-transaction
[2026-07-14 15:55:03,151][simple_request.py 255][INFO]: Request data: {
  "requestId": "20260714155501",
  "cardID": "XR2076927005782302720",
  "cvv": "747",
  "expirationDate": "04/29",
  "originTransactionId": "IT2076938409742557184",
  "txnCurrency": "USD",
  "txnAmount": 6,
  "txnType": "void",
  "mcc": "1234",
  "merchantName": "Ryan",
  "merchantCountry": "US",
  "merchantCity": "test",
  "merchantPostcode": "12345",
  "productCode": "photon-us"
}
[2026-07-14 15:55:05,345][simple_request.py 273][INFO]: Response status code: 201
[2026-07-14 15:55:05,345][simple_request.py 277][INFO]: Response status code: 201
[2026-07-14 15:55:05,345][simple_request.py 253][INFO]: method:get,url:https://ax-api.pertest.tech/admin/virtual-card/card-fee?page=1&take=10&identifier_id=9498570428
[2026-07-14 15:55:05,685][simple_request.py 273][INFO]: Response status code: 200
[2026-07-14 15:55:05,685][simple_request.py 277][INFO]: Response status code: 200
[2026-07-14 15:55:05,702][simple_request.py 253][INFO]: method:get,url:https://ax-api.pertest.tech/admin/virtual-card/card-fee?page=1&take=10&identifier_id=9498570428
[2026-07-14 15:55:06,264][simple_request.py 273][INFO]: Response status code: 200
[2026-07-14 15:55:06,264][simple_request.py 277][INFO]: Response status code: 200
[2026-07-14 15:55:12,287][simple_request.py 253][INFO]: method:get,url:https://ax-api.pertest.tech/web/virtual-card/photon-card-detail/XR2076927005782302720
[2026-07-14 15:55:13,445][simple_request.py 273][INFO]: Response status code: 200
[2026-07-14 15:55:13,445][simple_request.py 277][INFO]: Response status code: 200
[2026-07-14 16:45:30,835][execute.py 53][DEBUG]: Environment switched to: test (config: TEST_CONFIG)
[2026-07-14 16:45:30,835][execute.py 107][INFO]: ---环境自动初始化---执行的是test环境
[2026-07-14 16:45:31,223][simple_request.py 253][INFO]: method:get,url:https://ax-api.pertest.tech/admin/virtual-card/get-all-cards?page=1&take=200
[2026-07-14 16:45:35,051][simple_request.py 273][INFO]: Response status code: 200
[2026-07-14 16:45:35,051][simple_request.py 277][INFO]: Response status code: 200
[2026-07-14 16:45:41,059][simple_request.py 253][INFO]: method:get,url:https://ax-api.pertest.tech/web/virtual-card/photon-card-detail/XR2076921883115249664
[2026-07-14 16:45:45,840][simple_request.py 273][INFO]: Response status code: 200
[2026-07-14 16:45:45,841][simple_request.py 277][INFO]: Response status code: 200
[2026-07-14 16:45:45,841][simple_request.py 253][INFO]: method:get,url:https://ax-api.pertest.tech/web/virtual-card/card-cvv/XR2076921883115249664
[2026-07-14 16:45:47,235][simple_request.py 273][INFO]: Response status code: 200
[2026-07-14 16:45:47,235][simple_request.py 277][INFO]: Response status code: 200
[2026-07-14 16:45:47,235][simple_request.py 253][INFO]: method:post,url:https://ax-api.pertest.tech/web/virtual-card/simulate-transaction
[2026-07-14 16:45:47,235][simple_request.py 255][INFO]: Request data: {
  "requestId": "20260714164545",
  "cardID": "XR2076921883115249664",
  "cvv": "880",
  "expirationDate": "05/29",
  "originTransactionId": "",
  "txnCurrency": "USD",
  "txnAmount": 6,
  "txnType": "auth",
  "mcc": "1234",
  "merchantName": "Ryan",
  "merchantCountry": "US",
  "merchantCity": "test",
  "merchantPostcode": "12345",
  "productCode": "photon-us"
}
[2026-07-14 16:45:51,226][simple_request.py 273][INFO]: Response status code: 201
[2026-07-14 16:45:51,226][simple_request.py 277][INFO]: Response status code: 201
[2026-07-14 16:45:51,226][simple_request.py 253][INFO]: method:get,url:https://ax-api.pertest.tech/admin/virtual-card/card-fee?page=1&take=10&identifier_id=9498570428
[2026-07-14 16:45:52,286][simple_request.py 273][INFO]: Response status code: 200
[2026-07-14 16:45:52,286][simple_request.py 277][INFO]: Response status code: 200
[2026-07-14 16:45:52,306][simple_request.py 253][INFO]: method:get,url:https://ax-api.pertest.tech/admin/virtual-card/card-fee?page=1&take=10&identifier_id=9498570428
[2026-07-14 16:45:52,804][simple_request.py 273][INFO]: Response status code: 200
[2026-07-14 16:45:52,804][simple_request.py 277][INFO]: Response status code: 200
[2026-07-14 16:45:58,824][simple_request.py 253][INFO]: method:get,url:https://ax-api.pertest.tech/web/virtual-card/photon-card-detail/XR2076921883115249664
[2026-07-14 16:46:01,229][simple_request.py 273][INFO]: Response status code: 200
[2026-07-14 16:46:01,229][simple_request.py 277][INFO]: Response status code: 200
[2026-07-14 16:46:12,239][simple_request.py 253][INFO]: method:get,url:https://ax-api.pertest.tech/web/virtual-card/photon-card-detail/XR2076921883115249664
[2026-07-14 16:46:15,546][simple_request.py 273][INFO]: Response status code: 200
[2026-07-14 16:46:15,546][simple_request.py 277][INFO]: Response status code: 200
[2026-07-14 16:46:15,546][simple_request.py 253][INFO]: method:get,url:https://ax-api.pertest.tech/web/virtual-card/transaction-list?page=1&take=20&virtual_card_id=b0530473-d425-43a0-b854-89d224e14ca5&transaction_type=card_consume&transaction_sub_type=card
[2026-07-14 16:46:16,141][simple_request.py 273][INFO]: Response status code: 200
[2026-07-14 16:46:16,141][simple_request.py 277][INFO]: Response status code: 200
[2026-07-14 16:46:16,159][simple_request.py 253][INFO]: method:get,url:https://ax-api.pertest.tech/web/virtual-card/transaction-list?page=1&take=20&virtual_card_id=b0530473-d425-43a0-b854-89d224e14ca5&transaction_type=card_consume&transaction_sub_type=card_share_group
[2026-07-14 16:46:16,732][simple_request.py 273][INFO]: Response status code: 200
[2026-07-14 16:46:16,733][simple_request.py 277][INFO]: Response status code: 200
[2026-07-14 16:46:16,750][simple_request.py 253][INFO]: method:get,url:https://ax-api.pertest.tech/web/virtual-card/card-cvv/XR2076921883115249664
[2026-07-14 16:46:18,167][simple_request.py 273][INFO]: Response status code: 200
[2026-07-14 16:46:18,167][simple_request.py 277][INFO]: Response status code: 200
[2026-07-14 16:46:18,167][simple_request.py 253][INFO]: method:post,url:https://ax-api.pertest.tech/web/virtual-card/simulate-transaction
[2026-07-14 16:46:18,167][simple_request.py 255][INFO]: Request data: {
  "requestId": "20260714164616",
  "cardID": "XR2076921883115249664",
  "cvv": "880",
  "expirationDate": "05/29",
  "originTransactionId": "IT2076951286390054912",
  "txnCurrency": "USD",
  "txnAmount": 6,
  "txnType": "void",
  "mcc": "1234",
  "merchantName": "Ryan",
  "merchantCountry": "US",
  "merchantCity": "test",
  "merchantPostcode": "12345",
  "productCode": "photon-us"
}
[2026-07-14 16:46:20,849][simple_request.py 273][INFO]: Response status code: 201
[2026-07-14 16:46:20,849][simple_request.py 277][INFO]: Response status code: 201
[2026-07-14 16:46:20,849][simple_request.py 253][INFO]: method:get,url:https://ax-api.pertest.tech/admin/virtual-card/card-fee?page=1&take=10&identifier_id=9498570428
[2026-07-14 16:46:21,345][simple_request.py 273][INFO]: Response status code: 200
[2026-07-14 16:46:21,346][simple_request.py 277][INFO]: Response status code: 200
[2026-07-14 16:46:21,363][simple_request.py 253][INFO]: method:get,url:https://ax-api.pertest.tech/admin/virtual-card/card-fee?page=1&take=10&identifier_id=9498570428
[2026-07-14 16:46:21,854][simple_request.py 273][INFO]: Response status code: 200
[2026-07-14 16:46:21,854][simple_request.py 277][INFO]: Response status code: 200
[2026-07-14 16:46:27,877][simple_request.py 253][INFO]: method:get,url:https://ax-api.pertest.tech/web/virtual-card/photon-card-detail/XR2076921883115249664
[2026-07-14 16:46:29,998][simple_request.py 273][INFO]: Response status code: 200
[2026-07-14 16:46:29,998][simple_request.py 277][INFO]: Response status code: 200
[2026-07-14 16:46:57,761][execute.py 53][DEBUG]: Environment switched to: test (config: TEST_CONFIG)
[2026-07-14 16:46:57,762][execute.py 107][INFO]: ---环境自动初始化---执行的是test环境
[2026-07-14 16:46:58,121][simple_request.py 253][INFO]: method:get,url:https://ax-api.pertest.tech/admin/virtual-card/get-all-cards?page=1&take=200
[2026-07-14 16:47:00,843][simple_request.py 273][INFO]: Response status code: 200
[2026-07-14 16:47:00,844][simple_request.py 277][INFO]: Response status code: 200
[2026-07-14 16:47:06,857][simple_request.py 253][INFO]: method:get,url:https://ax-api.pertest.tech/web/virtual-card/photon-card-detail/XR2076927005782302720
[2026-07-14 16:47:09,444][simple_request.py 273][INFO]: Response status code: 200
[2026-07-14 16:47:09,444][simple_request.py 277][INFO]: Response status code: 200
[2026-07-14 16:47:09,444][simple_request.py 253][INFO]: method:get,url:https://ax-api.pertest.tech/web/virtual-card/card-cvv/XR2076927005782302720
[2026-07-14 16:47:10,598][simple_request.py 273][INFO]: Response status code: 200
[2026-07-14 16:47:10,598][simple_request.py 277][INFO]: Response status code: 200
[2026-07-14 16:47:10,598][simple_request.py 253][INFO]: method:post,url:https://ax-api.pertest.tech/web/virtual-card/simulate-transaction
[2026-07-14 16:47:10,598][simple_request.py 255][INFO]: Request data: {
  "requestId": "20260714164709",
  "cardID": "XR2076927005782302720",
  "cvv": "747",
  "expirationDate": "04/29",
  "originTransactionId": "",
  "txnCurrency": "USD",
  "txnAmount": 6,
  "txnType": "auth",
  "mcc": "1234",
  "merchantName": "Ryan",
  "merchantCountry": "US",
  "merchantCity": "test",
  "merchantPostcode": "12345",
  "productCode": "photon-us"
}
[2026-07-14 16:47:13,072][simple_request.py 273][INFO]: Response status code: 201
[2026-07-14 16:47:13,072][simple_request.py 277][INFO]: Response status code: 201
[2026-07-14 16:47:13,072][simple_request.py 253][INFO]: method:get,url:https://ax-api.pertest.tech/admin/virtual-card/card-fee?page=1&take=10&identifier_id=9498570428
[2026-07-14 16:47:13,419][simple_request.py 273][INFO]: Response status code: 200
[2026-07-14 16:47:13,419][simple_request.py 277][INFO]: Response status code: 200
[2026-07-14 16:47:13,428][simple_request.py 253][INFO]: method:get,url:https://ax-api.pertest.tech/admin/virtual-card/card-fee?page=1&take=10&identifier_id=9498570428
[2026-07-14 16:47:13,776][simple_request.py 273][INFO]: Response status code: 200
[2026-07-14 16:47:13,776][simple_request.py 277][INFO]: Response status code: 200
[2026-07-14 16:47:19,796][simple_request.py 253][INFO]: method:get,url:https://ax-api.pertest.tech/web/virtual-card/photon-card-detail/XR2076927005782302720
[2026-07-14 16:47:21,473][simple_request.py 273][INFO]: Response status code: 200
[2026-07-14 16:47:21,473][simple_request.py 277][INFO]: Response status code: 200
[2026-07-14 16:47:32,482][simple_request.py 253][INFO]: method:get,url:https://ax-api.pertest.tech/web/virtual-card/photon-card-detail/XR2076927005782302720
[2026-07-14 16:47:34,234][simple_request.py 273][INFO]: Response status code: 200
[2026-07-14 16:47:34,234][simple_request.py 277][INFO]: Response status code: 200
[2026-07-14 16:47:34,234][simple_request.py 253][INFO]: method:get,url:https://ax-api.pertest.tech/web/virtual-card/transaction-list?page=1&take=20&virtual_card_id=fe0c2c6e-9837-40fd-880d-7fe3771fa09c&transaction_type=card_consume&transaction_sub_type=card
[2026-07-14 16:47:34,987][simple_request.py 273][INFO]: Response status code: 200
[2026-07-14 16:47:34,987][simple_request.py 277][INFO]: Response status code: 200
[2026-07-14 16:47:35,004][simple_request.py 253][INFO]: method:get,url:https://ax-api.pertest.tech/web/virtual-card/card-cvv/XR2076927005782302720
[2026-07-14 16:47:37,080][simple_request.py 273][INFO]: Response status code: 200
[2026-07-14 16:47:37,080][simple_request.py 277][INFO]: Response status code: 200
[2026-07-14 16:47:37,080][simple_request.py 253][INFO]: method:post,url:https://ax-api.pertest.tech/web/virtual-card/simulate-transaction
[2026-07-14 16:47:37,080][simple_request.py 255][INFO]: Request data: {
  "requestId": "20260714164735",
  "cardID": "XR2076927005782302720",
  "cvv": "747",
  "expirationDate": "04/29",
  "originTransactionId": "IT2076951632843759616",
  "txnCurrency": "USD",
  "txnAmount": 6,
  "txnType": "void",
  "mcc": "1234",
  "merchantName": "Ryan",
  "merchantCountry": "US",
  "merchantCity": "test",
  "merchantPostcode": "12345",
  "productCode": "photon-us"
}
[2026-07-14 16:47:39,034][simple_request.py 273][INFO]: Response status code: 201
[2026-07-14 16:47:39,034][simple_request.py 277][INFO]: Response status code: 201
[2026-07-14 16:47:39,034][simple_request.py 253][INFO]: method:get,url:https://ax-api.pertest.tech/admin/virtual-card/card-fee?page=1&take=10&identifier_id=9498570428
[2026-07-14 16:47:39,437][simple_request.py 273][INFO]: Response status code: 200
[2026-07-14 16:47:39,437][simple_request.py 277][INFO]: Response status code: 200
[2026-07-14 16:47:39,454][simple_request.py 253][INFO]: method:get,url:https://ax-api.pertest.tech/admin/virtual-card/card-fee?page=1&take=10&identifier_id=9498570428
[2026-07-14 16:47:39,792][simple_request.py 273][INFO]: Response status code: 200
[2026-07-14 16:47:39,792][simple_request.py 277][INFO]: Response status code: 200
[2026-07-14 16:47:45,812][simple_request.py 253][INFO]: method:get,url:https://ax-api.pertest.tech/web/virtual-card/photon-card-detail/XR2076927005782302720
[2026-07-14 16:47:47,621][simple_request.py 273][INFO]: Response status code: 200
[2026-07-14 16:47:47,621][simple_request.py 277][INFO]: Response status code: 200
[2026-07-14 16:59:00,610][execute.py 53][DEBUG]: Environment switched to: test (config: TEST_CONFIG)
[2026-07-14 16:59:00,610][execute.py 107][INFO]: ---环境自动初始化---执行的是test环境
[2026-07-14 16:59:00,976][simple_request.py 253][INFO]: method:get,url:https://ax-api.pertest.tech/admin/virtual-card/get-all-cards?page=1&take=200
[2026-07-14 16:59:04,578][simple_request.py 273][INFO]: Response status code: 200
[2026-07-14 16:59:04,579][simple_request.py 277][INFO]: Response status code: 200
[2026-07-14 16:59:10,604][simple_request.py 253][INFO]: method:get,url:https://ax-api.pertest.tech/web/virtual-card/photon-card-detail/XR2076921883115249664
[2026-07-14 16:59:14,960][simple_request.py 273][INFO]: Response status code: 200
[2026-07-14 16:59:14,960][simple_request.py 277][INFO]: Response status code: 200
[2026-07-14 16:59:14,961][simple_request.py 253][INFO]: method:get,url:https://ax-api.pertest.tech/web/virtual-card/card-cvv/XR2076921883115249664
[2026-07-14 16:59:16,118][simple_request.py 273][INFO]: Response status code: 200
[2026-07-14 16:59:16,119][simple_request.py 277][INFO]: Response status code: 200
[2026-07-14 16:59:16,119][simple_request.py 253][INFO]: method:post,url:https://ax-api.pertest.tech/web/virtual-card/simulate-transaction
[2026-07-14 16:59:16,119][simple_request.py 255][INFO]: Request data: {
  "requestId": "20260714165914",
  "cardID": "XR2076921883115249664",
  "cvv": "880",
  "expirationDate": "05/29",
  "originTransactionId": "",
  "txnCurrency": "USD",
  "txnAmount": 10,
  "txnType": "auth",
  "mcc": "1234",
  "merchantName": "Ryan",
  "merchantCountry": "US",
  "merchantCity": "test",
  "merchantPostcode": "12345",
  "productCode": "photon-us"
}
[2026-07-14 16:59:25,423][simple_request.py 273][INFO]: Response status code: 201
[2026-07-14 16:59:25,423][simple_request.py 277][INFO]: Response status code: 201
[2026-07-14 16:59:25,424][simple_request.py 253][INFO]: method:get,url:https://ax-api.pertest.tech/admin/virtual-card/card-fee?page=1&take=10&identifier_id=9498570428
[2026-07-14 16:59:25,793][simple_request.py 273][INFO]: Response status code: 200
[2026-07-14 16:59:25,793][simple_request.py 277][INFO]: Response status code: 200
[2026-07-14 16:59:25,815][simple_request.py 253][INFO]: method:get,url:https://ax-api.pertest.tech/admin/virtual-card/card-fee?page=1&take=10&identifier_id=9498570428
[2026-07-14 16:59:26,226][simple_request.py 273][INFO]: Response status code: 200
[2026-07-14 16:59:26,226][simple_request.py 277][INFO]: Response status code: 200
[2026-07-14 16:59:32,246][simple_request.py 253][INFO]: method:get,url:https://ax-api.pertest.tech/web/virtual-card/photon-card-detail/XR2076921883115249664
[2026-07-14 16:59:33,596][simple_request.py 273][INFO]: Response status code: 200
[2026-07-14 16:59:33,597][simple_request.py 277][INFO]: Response status code: 200
[2026-07-14 16:59:57,418][execute.py 53][DEBUG]: Environment switched to: test (config: TEST_CONFIG)
[2026-07-14 16:59:57,418][execute.py 107][INFO]: ---环境自动初始化---执行的是test环境
[2026-07-14 16:59:57,802][simple_request.py 253][INFO]: method:get,url:https://ax-api.pertest.tech/admin/virtual-card/get-all-cards?page=1&take=200
[2026-07-14 17:00:03,150][simple_request.py 273][INFO]: Response status code: 200
[2026-07-14 17:00:03,151][simple_request.py 277][INFO]: Response status code: 200
[2026-07-14 17:00:09,165][simple_request.py 253][INFO]: method:get,url:https://ax-api.pertest.tech/web/virtual-card/photon-card-detail/XR2076921883115249664
[2026-07-14 17:00:12,708][simple_request.py 273][INFO]: Response status code: 200
[2026-07-14 17:00:12,708][simple_request.py 277][INFO]: Response status code: 200
[2026-07-14 17:00:12,708][simple_request.py 253][INFO]: method:get,url:https://ax-api.pertest.tech/web/virtual-card/card-cvv/XR2076921883115249664
[2026-07-14 17:00:15,317][simple_request.py 273][INFO]: Response status code: 200
[2026-07-14 17:00:15,317][simple_request.py 277][INFO]: Response status code: 200
[2026-07-14 17:00:15,318][simple_request.py 253][INFO]: method:post,url:https://ax-api.pertest.tech/web/virtual-card/simulate-transaction
[2026-07-14 17:00:15,318][simple_request.py 255][INFO]: Request data: {
  "requestId": "20260714170012",
  "cardID": "XR2076921883115249664",
  "cvv": "880",
  "expirationDate": "05/29",
  "originTransactionId": "",
  "txnCurrency": "USD",
  "txnAmount": 11,
  "txnType": "auth",
  "mcc": "1234",
  "merchantName": "Ryan",
  "merchantCountry": "US",
  "merchantCity": "test",
  "merchantPostcode": "12345",
  "productCode": "photon-us"
}
[2026-07-14 17:00:19,183][simple_request.py 273][INFO]: Response status code: 201
[2026-07-14 17:00:19,183][simple_request.py 277][INFO]: Response status code: 201
[2026-07-14 17:00:19,183][simple_request.py 253][INFO]: method:get,url:https://ax-api.pertest.tech/admin/virtual-card/card-fee?page=1&take=10&identifier_id=9498570428
[2026-07-14 17:00:19,729][simple_request.py 273][INFO]: Response status code: 200
[2026-07-14 17:00:19,730][simple_request.py 277][INFO]: Response status code: 200
[2026-07-14 17:00:19,748][simple_request.py 253][INFO]: method:get,url:https://ax-api.pertest.tech/admin/virtual-card/card-fee?page=1&take=10&identifier_id=9498570428
[2026-07-14 17:00:20,293][simple_request.py 273][INFO]: Response status code: 200
[2026-07-14 17:00:20,293][simple_request.py 277][INFO]: Response status code: 200
[2026-07-14 17:00:26,316][simple_request.py 253][INFO]: method:get,url:https://ax-api.pertest.tech/web/virtual-card/photon-card-detail/XR2076921883115249664
[2026-07-14 17:00:27,612][simple_request.py 273][INFO]: Response status code: 200
[2026-07-14 17:00:27,612][simple_request.py 277][INFO]: Response status code: 200
[2026-07-14 17:04:11,267][execute.py 53][DEBUG]: Environment switched to: test (config: TEST_CONFIG)
[2026-07-14 17:04:11,267][execute.py 107][INFO]: ---环境自动初始化---执行的是test环境
[2026-07-14 17:04:11,668][simple_request.py 253][INFO]: method:get,url:https://ax-api.pertest.tech/admin/virtual-card/get-all-cards?page=1&take=200
[2026-07-14 17:04:15,300][simple_request.py 273][INFO]: Response status code: 200
[2026-07-14 17:04:15,300][simple_request.py 277][INFO]: Response status code: 200
[2026-07-14 17:04:21,312][simple_request.py 253][INFO]: method:get,url:https://ax-api.pertest.tech/web/virtual-card/photon-card-detail/XR2076955648919199744
[2026-07-14 17:04:27,170][simple_request.py 273][INFO]: Response status code: 200
[2026-07-14 17:04:27,170][simple_request.py 277][INFO]: Response status code: 200
[2026-07-14 17:04:27,170][simple_request.py 253][INFO]: method:get,url:https://ax-api.pertest.tech/web/virtual-card/card-cvv/XR2076955648919199744
[2026-07-14 17:04:29,408][simple_request.py 273][INFO]: Response status code: 200
[2026-07-14 17:04:29,408][simple_request.py 277][INFO]: Response status code: 200
[2026-07-14 17:04:29,408][simple_request.py 253][INFO]: method:post,url:https://ax-api.pertest.tech/web/virtual-card/simulate-transaction
[2026-07-14 17:04:29,409][simple_request.py 255][INFO]: Request data: {
  "requestId": "20260714170427",
  "cardID": "XR2076955648919199744",
  "cvv": "863",
  "expirationDate": "07/28",
  "originTransactionId": "",
  "txnCurrency": "USD",
  "txnAmount": 10,
  "txnType": "auth",
  "mcc": "1234",
  "merchantName": "Ryan",
  "merchantCountry": "US",
  "merchantCity": "test",
  "merchantPostcode": "12345",
  "productCode": "photon-us"
}
[2026-07-14 17:04:33,521][simple_request.py 273][INFO]: Response status code: 201
[2026-07-14 17:04:33,521][simple_request.py 277][INFO]: Response status code: 201
[2026-07-14 17:04:33,521][simple_request.py 253][INFO]: method:get,url:https://ax-api.pertest.tech/admin/virtual-card/card-fee?page=1&take=10&identifier_id=9498570428
[2026-07-14 17:04:34,014][simple_request.py 273][INFO]: Response status code: 200
[2026-07-14 17:04:34,014][simple_request.py 277][INFO]: Response status code: 200
[2026-07-14 17:04:34,034][simple_request.py 253][INFO]: method:get,url:https://ax-api.pertest.tech/admin/virtual-card/card-fee?page=1&take=10&identifier_id=9498570428
[2026-07-14 17:04:34,533][simple_request.py 273][INFO]: Response status code: 200
[2026-07-14 17:04:34,533][simple_request.py 277][INFO]: Response status code: 200
[2026-07-14 17:04:40,555][simple_request.py 253][INFO]: method:get,url:https://ax-api.pertest.tech/web/virtual-card/photon-card-detail/XR2076955648919199744
[2026-07-14 17:04:42,954][simple_request.py 273][INFO]: Response status code: 200
[2026-07-14 17:04:42,954][simple_request.py 277][INFO]: Response status code: 200
[2026-07-14 17:04:49,746][execute.py 53][DEBUG]: Environment switched to: test (config: TEST_CONFIG)
[2026-07-14 17:04:49,746][execute.py 107][INFO]: ---环境自动初始化---执行的是test环境
[2026-07-14 17:04:50,100][simple_request.py 253][INFO]: method:get,url:https://ax-api.pertest.tech/admin/virtual-card/get-all-cards?page=1&take=200
[2026-07-14 17:04:54,981][simple_request.py 273][INFO]: Response status code: 200
[2026-07-14 17:04:54,981][simple_request.py 277][INFO]: Response status code: 200
[2026-07-14 17:05:00,994][simple_request.py 253][INFO]: method:get,url:https://ax-api.pertest.tech/web/virtual-card/photon-card-detail/XR2076955648919199744
[2026-07-14 17:05:03,196][simple_request.py 273][INFO]: Response status code: 200
[2026-07-14 17:05:03,196][simple_request.py 277][INFO]: Response status code: 200
[2026-07-14 17:05:03,196][simple_request.py 253][INFO]: method:get,url:https://ax-api.pertest.tech/web/virtual-card/card-cvv/XR2076955648919199744
[2026-07-14 17:05:04,503][simple_request.py 273][INFO]: Response status code: 200
[2026-07-14 17:05:04,503][simple_request.py 277][INFO]: Response status code: 200
[2026-07-14 17:05:04,503][simple_request.py 253][INFO]: method:post,url:https://ax-api.pertest.tech/web/virtual-card/simulate-transaction
[2026-07-14 17:05:04,503][simple_request.py 255][INFO]: Request data: {
  "requestId": "20260714170503",
  "cardID": "XR2076955648919199744",
  "cvv": "863",
  "expirationDate": "07/28",
  "originTransactionId": "",
  "txnCurrency": "USD",
  "txnAmount": 11,
  "txnType": "auth",
  "mcc": "1234",
  "merchantName": "Ryan",
  "merchantCountry": "US",
  "merchantCity": "test",
  "merchantPostcode": "12345",
  "productCode": "photon-us"
}
[2026-07-14 17:05:07,630][simple_request.py 273][INFO]: Response status code: 201
[2026-07-14 17:05:07,630][simple_request.py 277][INFO]: Response status code: 201
[2026-07-14 17:05:07,630][simple_request.py 253][INFO]: method:get,url:https://ax-api.pertest.tech/admin/virtual-card/card-fee?page=1&take=10&identifier_id=9498570428
[2026-07-14 17:05:09,962][simple_request.py 273][INFO]: Response status code: 200
[2026-07-14 17:05:09,963][simple_request.py 277][INFO]: Response status code: 200
[2026-07-14 17:05:09,983][simple_request.py 253][INFO]: method:get,url:https://ax-api.pertest.tech/admin/virtual-card/card-fee?page=1&take=10&identifier_id=9498570428
[2026-07-14 17:05:10,451][simple_request.py 273][INFO]: Response status code: 200
[2026-07-14 17:05:10,451][simple_request.py 277][INFO]: Response status code: 200
[2026-07-14 17:05:16,472][simple_request.py 253][INFO]: method:get,url:https://ax-api.pertest.tech/web/virtual-card/photon-card-detail/XR2076955648919199744
[2026-07-14 17:05:17,781][simple_request.py 273][INFO]: Response status code: 200
[2026-07-14 17:05:17,781][simple_request.py 277][INFO]: Response status code: 200
[2026-07-14 17:14:59,813][execute.py 53][DEBUG]: Environment switched to: test (config: TEST_CONFIG)
[2026-07-14 17:14:59,813][execute.py 107][INFO]: ---环境自动初始化---执行的是test环境
[2026-07-14 17:15:00,212][simple_request.py 253][INFO]: method:get,url:https://ax-api.pertest.tech/admin/virtual-card/get-all-cards?page=1&take=200
[2026-07-14 17:15:04,963][simple_request.py 273][INFO]: Response status code: 200
[2026-07-14 17:15:04,964][simple_request.py 277][INFO]: Response status code: 200
[2026-07-14 17:15:10,977][simple_request.py 253][INFO]: method:get,url:https://ax-api.pertest.tech/web/virtual-card/photon-card-detail/XR2076921883115249664
[2026-07-14 17:15:14,149][simple_request.py 273][INFO]: Response status code: 200
[2026-07-14 17:15:14,149][simple_request.py 277][INFO]: Response status code: 200
[2026-07-14 17:15:14,150][simple_request.py 253][INFO]: method:get,url:https://ax-api.pertest.tech/web/virtual-card/card-cvv/XR2076921883115249664
[2026-07-14 17:15:15,497][simple_request.py 273][INFO]: Response status code: 200
[2026-07-14 17:15:15,497][simple_request.py 277][INFO]: Response status code: 200
[2026-07-14 17:15:15,497][simple_request.py 253][INFO]: method:post,url:https://ax-api.pertest.tech/web/virtual-card/simulate-transaction
[2026-07-14 17:15:15,498][simple_request.py 255][INFO]: Request data: {
  "requestId": "20260714171514",
  "cardID": "XR2076921883115249664",
  "cvv": "880",
  "expirationDate": "05/29",
  "originTransactionId": "",
  "txnCurrency": "USD",
  "txnAmount": 11,
  "txnType": "auth",
  "mcc": "1234",
  "merchantName": "Ryan",
  "merchantCountry": "US",
  "merchantCity": "test",
  "merchantPostcode": "12345",
  "productCode": "photon-us"
}
[2026-07-14 17:15:19,128][simple_request.py 273][INFO]: Response status code: 201
[2026-07-14 17:15:19,128][simple_request.py 277][INFO]: Response status code: 201
[2026-07-14 17:15:19,128][simple_request.py 253][INFO]: method:get,url:https://ax-api.pertest.tech/admin/virtual-card/card-fee?page=1&take=10&identifier_id=9498570428
[2026-07-14 17:15:19,639][simple_request.py 273][INFO]: Response status code: 200
[2026-07-14 17:15:19,639][simple_request.py 277][INFO]: Response status code: 200
[2026-07-14 17:15:19,659][simple_request.py 253][INFO]: method:get,url:https://ax-api.pertest.tech/admin/virtual-card/card-fee?page=1&take=10&identifier_id=9498570428
[2026-07-14 17:15:20,156][simple_request.py 273][INFO]: Response status code: 200
[2026-07-14 17:15:20,157][simple_request.py 277][INFO]: Response status code: 200
[2026-07-14 17:15:26,178][simple_request.py 253][INFO]: method:get,url:https://ax-api.pertest.tech/web/virtual-card/photon-card-detail/XR2076921883115249664
[2026-07-14 17:15:28,183][simple_request.py 273][INFO]: Response status code: 200
[2026-07-14 17:15:28,184][simple_request.py 277][INFO]: Response status code: 200
[2026-07-14 17:15:39,190][simple_request.py 253][INFO]: method:get,url:https://ax-api.pertest.tech/web/virtual-card/photon-card-detail/XR2076921883115249664
[2026-07-14 17:15:41,218][simple_request.py 273][INFO]: Response status code: 200
[2026-07-14 17:15:41,218][simple_request.py 277][INFO]: Response status code: 200
[2026-07-14 17:15:41,219][simple_request.py 253][INFO]: method:get,url:https://ax-api.pertest.tech/web/virtual-card/transaction-list?page=1&take=20&virtual_card_id=b0530473-d425-43a0-b854-89d224e14ca5&transaction_type=card_consume&transaction_sub_type=card
[2026-07-14 17:15:41,766][simple_request.py 273][INFO]: Response status code: 200
[2026-07-14 17:15:41,766][simple_request.py 277][INFO]: Response status code: 200
[2026-07-14 17:15:41,783][simple_request.py 253][INFO]: method:get,url:https://ax-api.pertest.tech/web/virtual-card/transaction-list?page=1&take=20&virtual_card_id=b0530473-d425-43a0-b854-89d224e14ca5&transaction_type=card_consume&transaction_sub_type=card_share_group
[2026-07-14 17:15:43,192][simple_request.py 273][INFO]: Response status code: 200
[2026-07-14 17:15:43,192][simple_request.py 277][INFO]: Response status code: 200
[2026-07-14 17:15:43,211][simple_request.py 253][INFO]: method:get,url:https://ax-api.pertest.tech/web/virtual-card/card-cvv/XR2076921883115249664
[2026-07-14 17:15:44,557][simple_request.py 273][INFO]: Response status code: 200
[2026-07-14 17:15:44,558][simple_request.py 277][INFO]: Response status code: 200
[2026-07-14 17:15:44,558][simple_request.py 253][INFO]: method:post,url:https://ax-api.pertest.tech/web/virtual-card/simulate-transaction
[2026-07-14 17:15:44,558][simple_request.py 255][INFO]: Request data: {
  "requestId": "20260714171543",
  "cardID": "XR2076921883115249664",
  "cvv": "880",
  "expirationDate": "05/29",
  "originTransactionId": "IT2076958702770970624",
  "txnCurrency": "USD",
  "txnAmount": 11,
  "txnType": "refund",
  "mcc": "1234",
  "merchantName": "Ryan",
  "merchantCountry": "US",
  "merchantCity": "test",
  "merchantPostcode": "12345",
  "productCode": "photon-us"
}
[2026-07-14 17:15:47,190][simple_request.py 273][INFO]: Response status code: 201
[2026-07-14 17:15:47,190][simple_request.py 277][INFO]: Response status code: 201
[2026-07-14 17:15:47,190][simple_request.py 253][INFO]: method:get,url:https://ax-api.pertest.tech/admin/virtual-card/card-fee?page=1&take=10&identifier_id=9498570428
[2026-07-14 17:15:47,704][simple_request.py 273][INFO]: Response status code: 200
[2026-07-14 17:15:47,704][simple_request.py 277][INFO]: Response status code: 200
[2026-07-14 17:15:47,721][simple_request.py 253][INFO]: method:get,url:https://ax-api.pertest.tech/admin/virtual-card/card-fee?page=1&take=10&identifier_id=9498570428
[2026-07-14 17:15:48,228][simple_request.py 273][INFO]: Response status code: 200
[2026-07-14 17:15:48,228][simple_request.py 277][INFO]: Response status code: 200
[2026-07-14 17:15:54,250][simple_request.py 253][INFO]: method:get,url:https://ax-api.pertest.tech/web/virtual-card/photon-card-detail/XR2076921883115249664
[2026-07-14 17:15:55,569][simple_request.py 273][INFO]: Response status code: 200
[2026-07-14 17:15:55,569][simple_request.py 277][INFO]: Response status code: 200
[2026-07-14 17:18:56,741][execute.py 53][DEBUG]: Environment switched to: test (config: TEST_CONFIG)
[2026-07-14 17:18:56,741][execute.py 107][INFO]: ---环境自动初始化---执行的是test环境
[2026-07-14 17:18:57,432][simple_request.py 253][INFO]: method:get,url:https://ax-api.pertest.tech/admin/virtual-card/get-all-cards?page=1&take=200
[2026-07-14 17:19:03,268][simple_request.py 273][INFO]: Response status code: 200
[2026-07-14 17:19:03,269][simple_request.py 277][INFO]: Response status code: 200
[2026-07-14 17:19:09,273][simple_request.py 253][INFO]: method:get,url:https://ax-api.pertest.tech/web/virtual-card/photon-card-detail/XR2076921883115249664
[2026-07-14 17:19:12,195][simple_request.py 273][INFO]: Response status code: 200
[2026-07-14 17:19:12,195][simple_request.py 277][INFO]: Response status code: 200
[2026-07-14 17:19:12,195][simple_request.py 253][INFO]: method:get,url:https://ax-api.pertest.tech/web/virtual-card/card-cvv/XR2076921883115249664
[2026-07-14 17:19:15,162][simple_request.py 273][INFO]: Response status code: 200
[2026-07-14 17:19:15,162][simple_request.py 277][INFO]: Response status code: 200
[2026-07-14 17:19:15,162][simple_request.py 253][INFO]: method:post,url:https://ax-api.pertest.tech/web/virtual-card/simulate-transaction
[2026-07-14 17:19:15,162][simple_request.py 255][INFO]: Request data: {
  "requestId": "20260714171912",
  "cardID": "XR2076921883115249664",
  "cvv": "880",
  "expirationDate": "05/29",
  "originTransactionId": "",
  "txnCurrency": "USD",
  "txnAmount": 5,
  "txnType": "auth",
  "mcc": "1234",
  "merchantName": "Ryan",
  "merchantCountry": "US",
  "merchantCity": "test",
  "merchantPostcode": "12345",
  "productCode": "photon-us"
}
[2026-07-14 17:19:17,945][simple_request.py 273][INFO]: Response status code: 201
[2026-07-14 17:19:17,945][simple_request.py 277][INFO]: Response status code: 201
[2026-07-14 17:19:17,946][simple_request.py 253][INFO]: method:get,url:https://ax-api.pertest.tech/admin/virtual-card/card-fee?page=1&take=10&identifier_id=9498570428
[2026-07-14 17:19:18,696][simple_request.py 273][INFO]: Response status code: 200
[2026-07-14 17:19:18,696][simple_request.py 277][INFO]: Response status code: 200
[2026-07-14 17:19:18,722][simple_request.py 253][INFO]: method:get,url:https://ax-api.pertest.tech/admin/virtual-card/card-fee?page=1&take=10&identifier_id=9498570428
[2026-07-14 17:19:19,209][simple_request.py 273][INFO]: Response status code: 200
[2026-07-14 17:19:19,210][simple_request.py 277][INFO]: Response status code: 200
[2026-07-14 17:19:25,228][simple_request.py 253][INFO]: method:get,url:https://ax-api.pertest.tech/web/virtual-card/photon-card-detail/XR2076921883115249664
[2026-07-14 17:19:26,566][simple_request.py 273][INFO]: Response status code: 200
[2026-07-14 17:19:26,566][simple_request.py 277][INFO]: Response status code: 200
[2026-07-14 17:19:37,574][simple_request.py 253][INFO]: method:get,url:https://ax-api.pertest.tech/web/virtual-card/photon-card-detail/XR2076921883115249664
[2026-07-14 17:19:39,163][simple_request.py 273][INFO]: Response status code: 200
[2026-07-14 17:19:39,163][simple_request.py 277][INFO]: Response status code: 200
[2026-07-14 17:19:39,163][simple_request.py 253][INFO]: method:get,url:https://ax-api.pertest.tech/web/virtual-card/transaction-list?page=1&take=20&virtual_card_id=b0530473-d425-43a0-b854-89d224e14ca5&transaction_type=card_consume&transaction_sub_type=card
[2026-07-14 17:19:39,965][simple_request.py 273][INFO]: Response status code: 200
[2026-07-14 17:19:39,965][simple_request.py 277][INFO]: Response status code: 200
[2026-07-14 17:19:39,982][simple_request.py 253][INFO]: method:get,url:https://ax-api.pertest.tech/web/virtual-card/transaction-list?page=1&take=20&virtual_card_id=b0530473-d425-43a0-b854-89d224e14ca5&transaction_type=card_consume&transaction_sub_type=card_share_group
[2026-07-14 17:19:41,289][simple_request.py 273][INFO]: Response status code: 200
[2026-07-14 17:19:41,289][simple_request.py 277][INFO]: Response status code: 200
[2026-07-14 17:19:41,311][simple_request.py 253][INFO]: method:get,url:https://ax-api.pertest.tech/web/virtual-card/card-cvv/XR2076921883115249664
[2026-07-14 17:19:42,590][simple_request.py 273][INFO]: Response status code: 200
[2026-07-14 17:19:42,590][simple_request.py 277][INFO]: Response status code: 200
[2026-07-14 17:19:42,590][simple_request.py 253][INFO]: method:post,url:https://ax-api.pertest.tech/web/virtual-card/simulate-transaction
[2026-07-14 17:19:42,591][simple_request.py 255][INFO]: Request data: {
  "requestId": "20260714171941",
  "cardID": "XR2076921883115249664",
  "cvv": "880",
  "expirationDate": "05/29",
  "originTransactionId": "IT2076959705314484224",
  "txnCurrency": "USD",
  "txnAmount": 5,
  "txnType": "refund",
  "mcc": "1234",
  "merchantName": "Ryan",
  "merchantCountry": "US",
  "merchantCity": "test",
  "merchantPostcode": "12345",
  "productCode": "photon-us"
}
[2026-07-14 17:19:46,300][simple_request.py 273][INFO]: Response status code: 201
[2026-07-14 17:19:46,301][simple_request.py 277][INFO]: Response status code: 201
[2026-07-14 17:19:46,301][simple_request.py 253][INFO]: method:get,url:https://ax-api.pertest.tech/admin/virtual-card/card-fee?page=1&take=10&identifier_id=9498570428
[2026-07-14 17:19:47,832][simple_request.py 273][INFO]: Response status code: 200
[2026-07-14 17:19:47,832][simple_request.py 277][INFO]: Response status code: 200
[2026-07-14 17:19:47,843][simple_request.py 253][INFO]: method:get,url:https://ax-api.pertest.tech/admin/virtual-card/card-fee?page=1&take=10&identifier_id=9498570428
[2026-07-14 17:19:49,067][simple_request.py 273][INFO]: Response status code: 200
[2026-07-14 17:19:49,067][simple_request.py 277][INFO]: Response status code: 200
[2026-07-14 17:19:55,087][simple_request.py 253][INFO]: method:get,url:https://ax-api.pertest.tech/web/virtual-card/photon-card-detail/XR2076921883115249664
[2026-07-14 17:19:56,760][simple_request.py 273][INFO]: Response status code: 200
[2026-07-14 17:19:56,760][simple_request.py 277][INFO]: Response status code: 200
[2026-07-14 17:21:03,525][execute.py 53][DEBUG]: Environment switched to: test (config: TEST_CONFIG)
[2026-07-14 17:21:03,525][execute.py 107][INFO]: ---环境自动初始化---执行的是test环境
[2026-07-14 17:21:03,936][simple_request.py 253][INFO]: method:get,url:https://ax-api.pertest.tech/admin/virtual-card/get-all-cards?page=1&take=200
[2026-07-14 17:21:07,637][simple_request.py 273][INFO]: Response status code: 200
[2026-07-14 17:21:07,638][simple_request.py 277][INFO]: Response status code: 200
[2026-07-14 17:21:13,652][simple_request.py 253][INFO]: method:get,url:https://ax-api.pertest.tech/web/virtual-card/photon-card-detail/XR2076921883115249664
[2026-07-14 17:21:17,484][simple_request.py 273][INFO]: Response status code: 200
[2026-07-14 17:21:17,484][simple_request.py 277][INFO]: Response status code: 200
[2026-07-14 17:21:17,484][simple_request.py 253][INFO]: method:get,url:https://ax-api.pertest.tech/web/virtual-card/card-cvv/XR2076921883115249664
[2026-07-14 17:21:18,797][simple_request.py 273][INFO]: Response status code: 200
[2026-07-14 17:21:18,797][simple_request.py 277][INFO]: Response status code: 200
[2026-07-14 17:21:18,797][simple_request.py 253][INFO]: method:post,url:https://ax-api.pertest.tech/web/virtual-card/simulate-transaction
[2026-07-14 17:21:18,797][simple_request.py 255][INFO]: Request data: {
  "requestId": "20260714172117",
  "cardID": "XR2076921883115249664",
  "cvv": "880",
  "expirationDate": "05/29",
  "originTransactionId": "",
  "txnCurrency": "USD",
  "txnAmount": 6,
  "txnType": "auth",
  "mcc": "1234",
  "merchantName": "Ryan",
  "merchantCountry": "US",
  "merchantCity": "test",
  "merchantPostcode": "12345",
  "productCode": "photon-us"
}
[2026-07-14 17:21:20,759][simple_request.py 273][INFO]: Response status code: 201
[2026-07-14 17:21:20,759][simple_request.py 277][INFO]: Response status code: 201
[2026-07-14 17:21:20,760][simple_request.py 253][INFO]: method:get,url:https://ax-api.pertest.tech/admin/virtual-card/card-fee?page=1&take=10&identifier_id=9498570428
[2026-07-14 17:21:21,303][simple_request.py 273][INFO]: Response status code: 200
[2026-07-14 17:21:21,304][simple_request.py 277][INFO]: Response status code: 200
[2026-07-14 17:21:21,326][simple_request.py 253][INFO]: method:get,url:https://ax-api.pertest.tech/admin/virtual-card/card-fee?page=1&take=10&identifier_id=9498570428
[2026-07-14 17:21:21,869][simple_request.py 273][INFO]: Response status code: 200
[2026-07-14 17:21:21,869][simple_request.py 277][INFO]: Response status code: 200
[2026-07-14 17:21:27,890][simple_request.py 253][INFO]: method:get,url:https://ax-api.pertest.tech/web/virtual-card/photon-card-detail/XR2076921883115249664
[2026-07-14 17:21:30,327][simple_request.py 273][INFO]: Response status code: 200
[2026-07-14 17:21:30,327][simple_request.py 277][INFO]: Response status code: 200
[2026-07-14 17:21:41,332][simple_request.py 253][INFO]: method:get,url:https://ax-api.pertest.tech/web/virtual-card/photon-card-detail/XR2076921883115249664
[2026-07-14 17:21:42,980][simple_request.py 273][INFO]: Response status code: 200
[2026-07-14 17:21:42,981][simple_request.py 277][INFO]: Response status code: 200
[2026-07-14 17:21:42,981][simple_request.py 253][INFO]: method:get,url:https://ax-api.pertest.tech/web/virtual-card/transaction-list?page=1&take=20&virtual_card_id=b0530473-d425-43a0-b854-89d224e14ca5&transaction_type=card_consume&transaction_sub_type=card
[2026-07-14 17:21:43,547][simple_request.py 273][INFO]: Response status code: 200
[2026-07-14 17:21:43,547][simple_request.py 277][INFO]: Response status code: 200
[2026-07-14 17:21:43,567][simple_request.py 253][INFO]: method:get,url:https://ax-api.pertest.tech/web/virtual-card/transaction-list?page=1&take=20&virtual_card_id=b0530473-d425-43a0-b854-89d224e14ca5&transaction_type=card_consume&transaction_sub_type=card_share_group
[2026-07-14 17:21:45,006][simple_request.py 273][INFO]: Response status code: 200
[2026-07-14 17:21:45,006][simple_request.py 277][INFO]: Response status code: 200
[2026-07-14 17:21:45,018][simple_request.py 253][INFO]: method:get,url:https://ax-api.pertest.tech/web/virtual-card/card-cvv/XR2076921883115249664
[2026-07-14 17:21:48,302][simple_request.py 273][INFO]: Response status code: 200
[2026-07-14 17:21:48,302][simple_request.py 277][INFO]: Response status code: 200
[2026-07-14 17:21:48,302][simple_request.py 253][INFO]: method:post,url:https://ax-api.pertest.tech/web/virtual-card/simulate-transaction
[2026-07-14 17:21:48,302][simple_request.py 255][INFO]: Request data: {
  "requestId": "20260714172145",
  "cardID": "XR2076921883115249664",
  "cvv": "880",
  "expirationDate": "05/29",
  "originTransactionId": "IT2076960222967095296",
  "txnCurrency": "USD",
  "txnAmount": 6,
  "txnType": "refund",
  "mcc": "1234",
  "merchantName": "Ryan",
  "merchantCountry": "US",
  "merchantCity": "test",
  "merchantPostcode": "12345",
  "productCode": "photon-us"
}
[2026-07-14 17:21:50,205][simple_request.py 273][INFO]: Response status code: 201
[2026-07-14 17:21:50,205][simple_request.py 277][INFO]: Response status code: 201
[2026-07-14 17:21:50,206][simple_request.py 253][INFO]: method:get,url:https://ax-api.pertest.tech/admin/virtual-card/card-fee?page=1&take=10&identifier_id=9498570428
[2026-07-14 17:21:50,743][simple_request.py 273][INFO]: Response status code: 200
[2026-07-14 17:21:50,744][simple_request.py 277][INFO]: Response status code: 200
[2026-07-14 17:21:50,762][simple_request.py 253][INFO]: method:get,url:https://ax-api.pertest.tech/admin/virtual-card/card-fee?page=1&take=10&identifier_id=9498570428
[2026-07-14 17:21:51,304][simple_request.py 273][INFO]: Response status code: 200
[2026-07-14 17:21:51,304][simple_request.py 277][INFO]: Response status code: 200
[2026-07-14 17:21:57,325][simple_request.py 253][INFO]: method:get,url:https://ax-api.pertest.tech/web/virtual-card/photon-card-detail/XR2076921883115249664
[2026-07-14 17:21:59,711][simple_request.py 273][INFO]: Response status code: 200
[2026-07-14 17:21:59,712][simple_request.py 277][INFO]: Response status code: 200
[2026-07-14 18:03:48,166][execute.py 53][DEBUG]: Environment switched to: test (config: TEST_CONFIG)
[2026-07-14 18:03:48,166][execute.py 107][INFO]: ---环境自动初始化---执行的是test环境
[2026-07-14 18:03:48,539][simple_request.py 253][INFO]: method:get,url:https://ax-api.pertest.tech/admin/virtual-card/get-all-cards?page=1&take=200
[2026-07-14 18:03:50,975][simple_request.py 273][INFO]: Response status code: 200
[2026-07-14 18:03:50,975][simple_request.py 277][INFO]: Response status code: 200
[2026-07-14 18:03:56,986][simple_request.py 253][INFO]: method:get,url:https://ax-api.pertest.tech/web/virtual-card/photon-card-detail/XR2076970745888628736
[2026-07-14 18:03:59,360][simple_request.py 273][INFO]: Response status code: 200
[2026-07-14 18:03:59,360][simple_request.py 277][INFO]: Response status code: 200
[2026-07-14 18:03:59,360][simple_request.py 253][INFO]: method:get,url:https://ax-api.pertest.tech/web/virtual-card/card-cvv/XR2076970745888628736
[2026-07-14 18:04:00,515][simple_request.py 273][INFO]: Response status code: 200
[2026-07-14 18:04:00,515][simple_request.py 277][INFO]: Response status code: 200
[2026-07-14 18:04:00,515][simple_request.py 253][INFO]: method:post,url:https://ax-api.pertest.tech/web/virtual-card/simulate-transaction
[2026-07-14 18:04:00,515][simple_request.py 255][INFO]: Request data: {
  "requestId": "20260714180359",
  "cardID": "XR2076970745888628736",
  "cvv": "384",
  "expirationDate": "06/29",
  "originTransactionId": "",
  "txnCurrency": "USD",
  "txnAmount": 10,
  "txnType": "auth",
  "mcc": "1234",
  "merchantName": "Ryan",
  "merchantCountry": "US",
  "merchantCity": "test",
  "merchantPostcode": "12345",
  "productCode": "photon-us"
}
[2026-07-14 18:04:03,835][simple_request.py 273][INFO]: Response status code: 201
[2026-07-14 18:04:03,836][simple_request.py 277][INFO]: Response status code: 201
[2026-07-14 18:04:03,836][simple_request.py 253][INFO]: method:get,url:https://ax-api.pertest.tech/admin/virtual-card/card-fee?page=1&take=10&identifier_id=9498570428
[2026-07-14 18:04:05,114][simple_request.py 273][INFO]: Response status code: 200
[2026-07-14 18:04:05,115][simple_request.py 277][INFO]: Response status code: 200
[2026-07-14 18:04:05,137][simple_request.py 253][INFO]: method:get,url:https://ax-api.pertest.tech/admin/virtual-card/card-fee?page=1&take=10&identifier_id=9498570428
[2026-07-14 18:04:05,474][simple_request.py 273][INFO]: Response status code: 200
[2026-07-14 18:04:05,474][simple_request.py 277][INFO]: Response status code: 200
[2026-07-14 18:04:11,495][simple_request.py 253][INFO]: method:get,url:https://ax-api.pertest.tech/web/virtual-card/photon-card-detail/XR2076970745888628736
[2026-07-14 18:04:12,644][simple_request.py 273][INFO]: Response status code: 200
[2026-07-14 18:04:12,644][simple_request.py 277][INFO]: Response status code: 200
[2026-07-14 18:04:24,341][execute.py 53][DEBUG]: Environment switched to: test (config: TEST_CONFIG)
[2026-07-14 18:04:24,341][execute.py 107][INFO]: ---环境自动初始化---执行的是test环境
[2026-07-14 18:04:24,736][simple_request.py 253][INFO]: method:get,url:https://ax-api.pertest.tech/admin/virtual-card/get-all-cards?page=1&take=200
[2026-07-14 18:04:28,226][simple_request.py 273][INFO]: Response status code: 200
[2026-07-14 18:04:28,226][simple_request.py 277][INFO]: Response status code: 200
[2026-07-14 18:04:34,238][simple_request.py 253][INFO]: method:get,url:https://ax-api.pertest.tech/web/virtual-card/photon-card-detail/XR2076970745888628736
[2026-07-14 18:04:36,866][simple_request.py 273][INFO]: Response status code: 200
[2026-07-14 18:04:36,866][simple_request.py 277][INFO]: Response status code: 200
[2026-07-14 18:04:36,866][simple_request.py 253][INFO]: method:get,url:https://ax-api.pertest.tech/web/virtual-card/card-cvv/XR2076970745888628736
[2026-07-14 18:04:37,999][simple_request.py 273][INFO]: Response status code: 200
[2026-07-14 18:04:37,999][simple_request.py 277][INFO]: Response status code: 200
[2026-07-14 18:04:37,999][simple_request.py 253][INFO]: method:post,url:https://ax-api.pertest.tech/web/virtual-card/simulate-transaction
[2026-07-14 18:04:37,999][simple_request.py 255][INFO]: Request data: {
  "requestId": "20260714180436",
  "cardID": "XR2076970745888628736",
  "cvv": "384",
  "expirationDate": "06/29",
  "originTransactionId": "",
  "txnCurrency": "USD",
  "txnAmount": 11,
  "txnType": "auth",
  "mcc": "1234",
  "merchantName": "Ryan",
  "merchantCountry": "US",
  "merchantCity": "test",
  "merchantPostcode": "12345",
  "productCode": "photon-us"
}
[2026-07-14 18:04:39,872][simple_request.py 273][INFO]: Response status code: 201
[2026-07-14 18:04:39,872][simple_request.py 277][INFO]: Response status code: 201
[2026-07-14 18:04:39,873][simple_request.py 253][INFO]: method:get,url:https://ax-api.pertest.tech/admin/virtual-card/card-fee?page=1&take=10&identifier_id=9498570428
[2026-07-14 18:04:40,426][simple_request.py 273][INFO]: Response status code: 200
[2026-07-14 18:04:40,426][simple_request.py 277][INFO]: Response status code: 200
[2026-07-14 18:04:40,446][simple_request.py 253][INFO]: method:get,url:https://ax-api.pertest.tech/admin/virtual-card/card-fee?page=1&take=10&identifier_id=9498570428
[2026-07-14 18:04:40,889][simple_request.py 273][INFO]: Response status code: 200
[2026-07-14 18:04:40,889][simple_request.py 277][INFO]: Response status code: 200
[2026-07-14 18:04:46,911][simple_request.py 253][INFO]: method:get,url:https://ax-api.pertest.tech/web/virtual-card/photon-card-detail/XR2076970745888628736
[2026-07-14 18:04:48,684][simple_request.py 273][INFO]: Response status code: 200
[2026-07-14 18:04:48,684][simple_request.py 277][INFO]: Response status code: 200
[2026-07-14 18:06:26,887][execute.py 53][DEBUG]: Environment switched to: test (config: TEST_CONFIG)
[2026-07-14 18:06:26,888][execute.py 107][INFO]: ---环境自动初始化---执行的是test环境
[2026-07-14 18:06:27,246][simple_request.py 253][INFO]: method:get,url:https://ax-api.pertest.tech/admin/virtual-card/get-all-cards?page=1&take=200
[2026-07-14 18:06:29,746][simple_request.py 273][INFO]: Response status code: 200
[2026-07-14 18:06:29,747][simple_request.py 277][INFO]: Response status code: 200
[2026-07-14 18:06:35,757][simple_request.py 253][INFO]: method:get,url:https://ax-api.pertest.tech/web/virtual-card/photon-card-detail/XR2074027826290483200
[2026-07-14 18:06:37,982][simple_request.py 273][INFO]: Response status code: 200
[2026-07-14 18:06:37,982][simple_request.py 277][INFO]: Response status code: 200
[2026-07-14 18:06:37,982][simple_request.py 253][INFO]: method:get,url:https://ax-api.pertest.tech/web/virtual-card/card-cvv/XR2074027826290483200
[2026-07-14 18:06:39,100][simple_request.py 273][INFO]: Response status code: 200
[2026-07-14 18:06:39,100][simple_request.py 277][INFO]: Response status code: 200
[2026-07-14 18:06:39,100][simple_request.py 253][INFO]: method:post,url:https://ax-api.pertest.tech/web/virtual-card/simulate-transaction
[2026-07-14 18:06:39,100][simple_request.py 255][INFO]: Request data: {
  "requestId": "20260714180637",
  "cardID": "XR2074027826290483200",
  "cvv": "586",
  "expirationDate": "06/29",
  "originTransactionId": "",
  "txnCurrency": "USD",
  "txnAmount": 11,
  "txnType": "auth",
  "mcc": "1234",
  "merchantName": "Ryan",
  "merchantCountry": "US",
  "merchantCity": "test",
  "merchantPostcode": "12345"
}
[2026-07-14 18:06:42,538][simple_request.py 273][INFO]: Response status code: 201
[2026-07-14 18:06:42,539][simple_request.py 277][INFO]: Response status code: 201
[2026-07-14 18:06:42,539][simple_request.py 253][INFO]: method:get,url:https://ax-api.pertest.tech/admin/virtual-card/card-fee?page=1&take=10&identifier_id=9498570428
[2026-07-14 18:06:43,485][simple_request.py 273][INFO]: Response status code: 200
[2026-07-14 18:06:43,485][simple_request.py 277][INFO]: Response status code: 200
[2026-07-14 18:06:43,504][simple_request.py 253][INFO]: method:get,url:https://ax-api.pertest.tech/admin/virtual-card/card-fee?page=1&take=10&identifier_id=9498570428
[2026-07-14 18:06:43,845][simple_request.py 273][INFO]: Response status code: 200
[2026-07-14 18:06:43,845][simple_request.py 277][INFO]: Response status code: 200
[2026-07-14 18:06:49,865][simple_request.py 253][INFO]: method:get,url:https://ax-api.pertest.tech/web/virtual-card/photon-card-detail/XR2074027826290483200
[2026-07-14 18:06:51,089][simple_request.py 273][INFO]: Response status code: 200
[2026-07-14 18:06:51,089][simple_request.py 277][INFO]: Response status code: 200
[2026-07-14 18:07:02,095][simple_request.py 253][INFO]: method:get,url:https://ax-api.pertest.tech/web/virtual-card/photon-card-detail/XR2074027826290483200
[2026-07-14 18:07:03,302][simple_request.py 273][INFO]: Response status code: 200
[2026-07-14 18:07:03,302][simple_request.py 277][INFO]: Response status code: 200
[2026-07-14 18:07:03,302][simple_request.py 253][INFO]: method:get,url:https://ax-api.pertest.tech/web/virtual-card/transaction-list?page=1&take=20&virtual_card_id=d6489736-4479-4e76-9d67-c5e674176838&transaction_type=card_consume&transaction_sub_type=card
[2026-07-14 18:07:03,664][simple_request.py 273][INFO]: Response status code: 400
[2026-07-14 18:07:03,664][simple_request.py 277][INFO]: Response status code: 400
[2026-07-14 18:07:03,664][simple_request.py 279][ERROR]: Response content: {
  "code": 400,
  "message": "transaction_type must be an array",
  "originalUrl": "/web/virtual-card/transaction-list?page=1&take=20&virtual_card_id=d6489736-4479-4e76-9d67-c5e674176838&transaction_type=card_consume&transaction_sub_type=card",
  "timestamp": 1784023623649
}
[2026-07-14 18:07:03,664][simple_request.py 305][ERROR]: Error occurred during request: 400 Client Error: Bad Request for url: https://ax-api.pertest.tech/web/virtual-card/transaction-list?page=1&take=20&virtual_card_id=d6489736-4479-4e76-9d67-c5e674176838&transaction_type=card_consume&transaction_sub_type=card
[2026-07-14 18:07:03,664][simple_request.py 253][INFO]: method:get,url:https://ax-api.pertest.tech/web/virtual-card/transaction-list?page=1&take=20&virtual_card_id=d6489736-4479-4e76-9d67-c5e674176838&transaction_type=card_consume&transaction_sub_type=card_share_group
[2026-07-14 18:07:04,010][simple_request.py 273][INFO]: Response status code: 400
[2026-07-14 18:07:04,010][simple_request.py 277][INFO]: Response status code: 400
[2026-07-14 18:07:04,010][simple_request.py 279][ERROR]: Response content: {
  "code": 400,
  "message": "transaction_type must be an array",
  "originalUrl": "/web/virtual-card/transaction-list?page=1&take=20&virtual_card_id=d6489736-4479-4e76-9d67-c5e674176838&transaction_type=card_consume&transaction_sub_type=card_share_group",
  "timestamp": 1784023624004
}
[2026-07-14 18:07:04,011][simple_request.py 305][ERROR]: Error occurred during request: 400 Client Error: Bad Request for url: https://ax-api.pertest.tech/web/virtual-card/transaction-list?page=1&take=20&virtual_card_id=d6489736-4479-4e76-9d67-c5e674176838&transaction_type=card_consume&transaction_sub_type=card_share_group
[2026-07-14 18:07:04,011][simple_request.py 253][INFO]: method:get,url:https://ax-api.pertest.tech/web/virtual-card/card-cvv/XR2074027826290483200
[2026-07-14 18:07:05,127][simple_request.py 273][INFO]: Response status code: 200
[2026-07-14 18:07:05,127][simple_request.py 277][INFO]: Response status code: 200
[2026-07-14 18:07:05,127][simple_request.py 253][INFO]: method:post,url:https://ax-api.pertest.tech/web/virtual-card/simulate-transaction
[2026-07-14 18:07:05,127][simple_request.py 255][INFO]: Request data: {
  "requestId": "20260714180704",
  "cardID": "XR2074027826290483200",
  "cvv": "586",
  "expirationDate": "06/29",
  "originTransactionId": null,
  "txnCurrency": "USD",
  "txnAmount": 11,
  "txnType": "void",
  "mcc": "1234",
  "merchantName": "Ryan",
  "merchantCountry": "US",
  "merchantCity": "test",
  "merchantPostcode": "12345"
}
[2026-07-14 18:07:05,477][simple_request.py 273][INFO]: Response status code: 400
[2026-07-14 18:07:05,477][simple_request.py 277][INFO]: Response status code: 400
[2026-07-14 18:07:05,477][simple_request.py 279][ERROR]: Response content: {
  "code": -1,
  "message": "参数错误: originTransactionId is required for void or refund transactions",
  "originalUrl": "/web/virtual-card/simulate-transaction",
  "timestamp": 1784023625483
}
[2026-07-14 18:07:05,477][simple_request.py 305][ERROR]: Error occurred during request: 400 Client Error: Bad Request for url: https://ax-api.pertest.tech/web/virtual-card/simulate-transaction
[2026-07-14 18:08:01,087][execute.py 53][DEBUG]: Environment switched to: test (config: TEST_CONFIG)
[2026-07-14 18:08:01,087][execute.py 107][INFO]: ---环境自动初始化---执行的是test环境
[2026-07-14 18:08:01,087][execute.py 53][DEBUG]: Environment switched to: test (config: TEST_CONFIG)
[2026-07-14 18:08:01,087][execute.py 87][INFO]: ---测试开始---执行的是test环境
[2026-07-14 18:08:01,550][simple_request.py 253][INFO]: method:POST,url:https://ax-api.pertest.tech/web/user/login
[2026-07-14 18:08:01,550][simple_request.py 255][INFO]: Request data: {
  "loginMethod": "email",
  "password": "53bfef360f0c4e9d70cc1e6b262e24f1",
  "email": "rayn.zhou@alloyx.com",
  "laissezPasser": false,
  "language": "zh_CN"
}
[2026-07-14 18:08:03,729][simple_request.py 273][INFO]: Response status code: 201
[2026-07-14 18:08:03,729][simple_request.py 277][INFO]: Response status code: 201
[2026-07-14 18:08:03,730][read_and_save_tool.py 88][INFO]: 配置已保存到文件: /Users/alloyx/Desktop/alloxy_interface_test/common/config.ini
[2026-07-14 18:08:03,735][simple_request.py 253][INFO]: method:POST,url:https://ax-api.pertest.tech/web/user/login
[2026-07-14 18:08:03,735][simple_request.py 255][INFO]: Request data: {
  "loginMethod": "email",
  "password": "53bfef360f0c4e9d70cc1e6b262e24f1",
  "email": "670246852@qq.com",
  "laissezPasser": false,
  "language": "zh_CN"
}
[2026-07-14 18:08:05,615][simple_request.py 273][INFO]: Response status code: 201
[2026-07-14 18:08:05,615][simple_request.py 277][INFO]: Response status code: 201
[2026-07-14 18:08:05,616][read_and_save_tool.py 88][INFO]: 配置已保存到文件: /Users/alloyx/Desktop/alloxy_interface_test/common/config.ini
[2026-07-14 18:08:10,468][execute.py 53][DEBUG]: Environment switched to: test (config: TEST_CONFIG)
[2026-07-14 18:08:10,468][execute.py 107][INFO]: ---环境自动初始化---执行的是test环境
[2026-07-14 18:08:10,781][simple_request.py 253][INFO]: method:get,url:https://ax-api.pertest.tech/admin/virtual-card/get-all-cards?page=1&take=200
[2026-07-14 18:08:14,452][simple_request.py 273][INFO]: Response status code: 200
[2026-07-14 18:08:14,453][simple_request.py 277][INFO]: Response status code: 200
[2026-07-14 18:08:20,461][simple_request.py 253][INFO]: method:get,url:https://ax-api.pertest.tech/web/virtual-card/photon-card-detail/XR2074027826290483200
[2026-07-14 18:08:22,702][simple_request.py 273][INFO]: Response status code: 200
[2026-07-14 18:08:22,703][simple_request.py 277][INFO]: Response status code: 200
[2026-07-14 18:08:22,703][simple_request.py 253][INFO]: method:get,url:https://ax-api.pertest.tech/web/virtual-card/card-cvv/XR2074027826290483200
[2026-07-14 18:08:23,886][simple_request.py 273][INFO]: Response status code: 200
[2026-07-14 18:08:23,887][simple_request.py 277][INFO]: Response status code: 200
[2026-07-14 18:08:23,887][simple_request.py 253][INFO]: method:post,url:https://ax-api.pertest.tech/web/virtual-card/simulate-transaction
[2026-07-14 18:08:23,887][simple_request.py 255][INFO]: Request data: {
  "requestId": "20260714180822",
  "cardID": "XR2074027826290483200",
  "cvv": "586",
  "expirationDate": "06/29",
  "originTransactionId": "",
  "txnCurrency": "USD",
  "txnAmount": 11,
  "txnType": "auth",
  "mcc": "1234",
  "merchantName": "Ryan",
  "merchantCountry": "US",
  "merchantCity": "test",
  "merchantPostcode": "12345"
}
[2026-07-14 18:08:26,904][simple_request.py 273][INFO]: Response status code: 201
[2026-07-14 18:08:26,905][simple_request.py 277][INFO]: Response status code: 201
[2026-07-14 18:08:26,905][simple_request.py 253][INFO]: method:get,url:https://ax-api.pertest.tech/admin/virtual-card/card-fee?page=1&take=10&identifier_id=9498570428
[2026-07-14 18:08:27,376][simple_request.py 273][INFO]: Response status code: 200
[2026-07-14 18:08:27,376][simple_request.py 277][INFO]: Response status code: 200
[2026-07-14 18:08:27,393][simple_request.py 253][INFO]: method:get,url:https://ax-api.pertest.tech/admin/virtual-card/card-fee?page=1&take=10&identifier_id=9498570428
[2026-07-14 18:08:27,861][simple_request.py 273][INFO]: Response status code: 200
[2026-07-14 18:08:27,861][simple_request.py 277][INFO]: Response status code: 200
[2026-07-14 18:08:33,882][simple_request.py 253][INFO]: method:get,url:https://ax-api.pertest.tech/web/virtual-card/photon-card-detail/XR2074027826290483200
[2026-07-14 18:08:35,018][simple_request.py 273][INFO]: Response status code: 200
[2026-07-14 18:08:35,018][simple_request.py 277][INFO]: Response status code: 200
[2026-07-14 18:08:46,023][simple_request.py 253][INFO]: method:get,url:https://ax-api.pertest.tech/web/virtual-card/photon-card-detail/XR2074027826290483200
[2026-07-14 18:08:47,162][simple_request.py 273][INFO]: Response status code: 200
[2026-07-14 18:08:47,162][simple_request.py 277][INFO]: Response status code: 200
[2026-07-14 18:08:47,162][simple_request.py 253][INFO]: method:get,url:https://ax-api.pertest.tech/web/virtual-card/transaction-list?page=1&take=20&virtual_card_id=d6489736-4479-4e76-9d67-c5e674176838&transaction_type=card_consume&transaction_sub_type=card
[2026-07-14 18:08:47,499][simple_request.py 273][INFO]: Response status code: 400
[2026-07-14 18:08:47,499][simple_request.py 277][INFO]: Response status code: 400
[2026-07-14 18:08:47,499][simple_request.py 279][ERROR]: Response content: {
  "code": 400,
  "message": "transaction_type must be an array",
  "originalUrl": "/web/virtual-card/transaction-list?page=1&take=20&virtual_card_id=d6489736-4479-4e76-9d67-c5e674176838&transaction_type=card_consume&transaction_sub_type=card",
  "timestamp": 1784023727510
}
[2026-07-14 18:08:47,499][simple_request.py 305][ERROR]: Error occurred during request: 400 Client Error: Bad Request for url: https://ax-api.pertest.tech/web/virtual-card/transaction-list?page=1&take=20&virtual_card_id=d6489736-4479-4e76-9d67-c5e674176838&transaction_type=card_consume&transaction_sub_type=card
[2026-07-14 18:08:47,500][simple_request.py 253][INFO]: method:get,url:https://ax-api.pertest.tech/web/virtual-card/transaction-list?page=1&take=20&virtual_card_id=d6489736-4479-4e76-9d67-c5e674176838&transaction_type=card_consume&transaction_sub_type=card_share_group
[2026-07-14 18:08:47,832][simple_request.py 273][INFO]: Response status code: 400
[2026-07-14 18:08:47,833][simple_request.py 277][INFO]: Response status code: 400
[2026-07-14 18:08:47,833][simple_request.py 279][ERROR]: Response content: {
  "code": 400,
  "message": "transaction_type must be an array",
  "originalUrl": "/web/virtual-card/transaction-list?page=1&take=20&virtual_card_id=d6489736-4479-4e76-9d67-c5e674176838&transaction_type=card_consume&transaction_sub_type=card_share_group",
  "timestamp": 1784023727847
}
[2026-07-14 18:08:47,833][simple_request.py 305][ERROR]: Error occurred during request: 400 Client Error: Bad Request for url: https://ax-api.pertest.tech/web/virtual-card/transaction-list?page=1&take=20&virtual_card_id=d6489736-4479-4e76-9d67-c5e674176838&transaction_type=card_consume&transaction_sub_type=card_share_group
[2026-07-14 18:08:47,833][simple_request.py 253][INFO]: method:get,url:https://ax-api.pertest.tech/web/virtual-card/card-cvv/XR2074027826290483200
[2026-07-14 18:08:48,946][simple_request.py 273][INFO]: Response status code: 200
[2026-07-14 18:08:48,946][simple_request.py 277][INFO]: Response status code: 200
[2026-07-14 18:08:48,946][simple_request.py 253][INFO]: method:post,url:https://ax-api.pertest.tech/web/virtual-card/simulate-transaction
[2026-07-14 18:08:48,946][simple_request.py 255][INFO]: Request data: {
  "requestId": "20260714180847",
  "cardID": "XR2074027826290483200",
  "cvv": "586",
  "expirationDate": "06/29",
  "originTransactionId": null,
  "txnCurrency": "USD",
  "txnAmount": 11,
  "txnType": "void",
  "mcc": "1234",
  "merchantName": "Ryan",
  "merchantCountry": "US",
  "merchantCity": "test",
  "merchantPostcode": "12345"
}
[2026-07-14 18:08:49,452][simple_request.py 273][INFO]: Response status code: 400
[2026-07-14 18:08:49,452][simple_request.py 277][INFO]: Response status code: 400
[2026-07-14 18:08:49,452][simple_request.py 279][ERROR]: Response content: {
  "code": -1,
  "message": "参数错误: originTransactionId is required for void or refund transactions",
  "originalUrl": "/web/virtual-card/simulate-transaction",
  "timestamp": 1784023729467
}
[2026-07-14 18:08:49,452][simple_request.py 305][ERROR]: Error occurred during request: 400 Client Error: Bad Request for url: https://ax-api.pertest.tech/web/virtual-card/simulate-transaction
